:020000040800F2
:1000000000000520190D00083515000837150008F7
:10001000391500083B1500083D15000800000000D8
:10002000000000000000000000000000C18A00087D
:100030003F15000800000000618B0008C58B000818
:10004000690D0008690D0008690D0008690D0008B8
:10005000690D0008690D0008690D0008690D0008A8
:10006000690D0008690D0008690D0008690D000898
:10007000690D0008690D0008690D0008690D000888
:10008000690D0008690D0008690D0008690D000878
:10009000690D0008690D0008690D0008690D000868
:1000A000690D0008690D0008690D0008690D000858
:1000B000690D0008690D0008690D0008690D000848
:1000C000690D0008690D0008690D0008690D000838
:1000D000690D0008690D000841150008690D000848
:1000E000690D0008690D0008690D0008690D000818
:1000F000690D0008690D0008690D0008690D000808
:10010000690D0008690D0008690D0008690D0008F7
:100110004D150008591500087D150008690D0008E7
:10012000690D0008690D0008690D0008690D0008D7
:10013000690D0008690D0008690D0008690D0008C7
:10014000690D0008690D0008690D0008690D0008B7
:10015000690D0008690D0008690D0008690D0008A7
:10016000690D0008690D0008690D0008690D000897
:10017000690D0008690D0008690D0008690D000887
:10018000690D0008690D0008651500087115000863
:10019000690D0008690D0008690D0008690D000867
:1001A000690D0008690D0008690D0008690D000857
:1001B000690D0008690D0008690D0008690D000847
:0801C000690D0008690D00083B
:1001D00081F0004102E000BF83F0004330B54FEAF8
:1001E00041044FEA430594EA050F08BF90EA020F65
:1001F0001FBF54EA000C55EA020C7FEA645C7FEAF8
:10020000655C00F0E2804FEA5454D4EB5555B8BF1A
:100210006D420CDD2C4480EA020281EA030382EA8B
:10022000000083EA010180EA020281EA0303362D1D
:1002300088BF30BD11F0004F4FEA01314FF4801CF0
:100240004CEA113102D0404261EB410113F0004F02
:100250004FEA03334CEA133302D0524263EB4303B9
:1002600094EA050F00F0A780A4F10104D5F1200E57
:100270000DDB02FA0EFC22FA05F2801841F10001B2
:1002800003FA0EF2801843FA05F359410EE0A5F186
:1002900020050EF1200E012A03FA0EFC28BF4CF0B7
:1002A000020C43FA05F3C01851EBE37101F000456D
:1002B00007D54FF0000EDCF1000C7EEB00006EEB7A
:1002C0000101B1F5801F1BD3B1F5001F0CD3490804
:1002D0005FEA30004FEA3C0C04F101044FEA44525B
:1002E00012F5800F80F09A80BCF1004F08BF5FEAE2
:1002F000500C50F1000041EB045141EA050130BDC2
:100300005FEA4C0C404141EB0101013C28BFB1F5D3
:10031000801FE9D291F0000F04BF01460020B1FA1E
:1003200081F308BF2033A3F10B03B3F120020CDAF1
:100330000C3208DD02F1140CC2F10C0201FA0CF0CF
:1003400021FA02F10CE002F11402D8BFC2F1200C34
:1003500001FA02F120FA0CFCDCBF41EA0C019040EA
:10036000E41AA2BF01EB0451294330BD6FEA040433
:100370001F3C1CDA0C340EDC04F11404C4F120021E
:1003800020FA04F001FA02F340EA030021FA04F330
:1003900045EA030130BDC4F10C04C4F1200220FA87
:1003A00002F001FA04F340EA0300294630BD21FAC5
:1003B00004F0294630BD94F0000F83F4801306BF8B
:1003C00081F480110134013D4EE77FEA645C18BF7F
:1003D0007FEA655C29D094EA050F08BF90EA020F16
:1003E00005D054EA000C04BF1946104630BD91EA0E
:1003F000030F1EBF0021002030BD5FEA545C05D111
:100400004000494128BF41F0004130BD14F580044F
:100410003CBF01F5801130BD01F0004545F0FE41C3
:1004200041F470014FF0000030BD7FEA645C1ABFF8
:10043000194610467FEA655C1CBF0B46024650EA2F
:10044000013406BF52EA033591EA030F41F400215B
:1004500030BD00BF90F0000F04BF0021704730B5E1
:100460004FF4806404F132044FF000054FF00001B6
:1004700050E700BF90F0000F04BF0021704730B577
:100480004FF4806404F1320410F0004548BF40424C
:100490004FF000013EE700BF42004FEAE2014FEAA1
:1004A00031014FEA02701FBF12F07F4393F07F4F7C
:1004B00081F06051704732F07F4208BF704793F07F
:1004C0007F4F04BF41F40021704730B54FF4607492
:1004D00001F0004521F000411CE700BF50EA010295
:1004E00008BF704730B54FF000050AE050EA01023E
:1004F00008BF704730B511F0004502D5404261EBAE
:1005000041014FF4806404F132045FEA915C3FF4EE
:10051000D8AE4FF003025FEADC0C18BF03325FEA8B
:10052000DC0C18BF033202EBDC02C2F1200300FA3C
:1005300003FC20FA02F001FA03FE40EA0E0021FA61
:1005400002F11444BDE600BF70B54FF0FF0C4CF44F
:10055000E06C1CEA11541DBF1CEA135594EA0C0F01
:1005600095EA0C0F00F0DEF82C4481EA030621EA3C
:100570004C5123EA4C5350EA013518BF52EA033577
:1005800041F4801143F4801338D0A0FB02CE4FF029
:100590000005E1FB02E506F00042E0FB03E54FF059
:1005A0000006E1FB03569CF0000F18BF4EF0010E51
:1005B000A4F1FF04B6F5007F64F5407404D25FEA4D
:1005C0004E0E6D4146EB060642EAC62141EA555100
:1005D0004FEAC52040EA5E504FEACE2EB4F1FD0C42
:1005E00088BFBCF5E06F1ED8BEF1004F08BF5FEAC0
:1005F000500E50F1000041EB045170BD06F0004672
:1006000046EA010140EA020081EA0301B4EB5C041E
:10061000C2BFD4EB0C0541EA045170BD41F4801116
:100620004FF0000E013C00F3AB8014F1360FDEBF3B
:10063000002001F0004170BDC4F10004203C35DA17
:100640000C341BDC04F11404C4F1200500FA05F39A
:1006500020FA04F001FA05F240EA020001F000423B
:1006600021F0004110EBD37021FA04F642EB0601B1
:100670005EEA430E08BF20EAD37070BDC4F10C04DB
:10068000C4F1200500FA04F320FA05F001FA04F29F
:1006900040EA020001F0004110EBD37041F100018B
:1006A0005EEA430E08BF20EAD37070BDC4F1200596
:1006B00000FA05F24EEA020E20FA04F301FA05F2FE
:1006C00043EA020321FA04F001F0004121FA04F2A6
:1006D00020EA020000EBD3705EEA430E08BF20EA76
:1006E000D37070BD94F0000F0FD101F000464000B0
:1006F00041EB010111F4801F08BF013CF7D041EA32
:10070000060195F0000F18BF704703F00046520035
:1007100043EB030313F4801F08BF013DF7D043EA06
:100720000603704794EA0C0F0CEA135518BF95EABC
:100730000C0F0CD050EA410618BF52EA4306D1D143
:1007400081EA030101F000414FF0000070BD50EA62
:10075000410606BF1046194652EA430619D094EAEC
:100760000C0F02D150EA013613D195EA0C0F05D1D6
:1007700052EA03361CBF104619460AD181EA03012A
:1007800001F0004141F0FE4141F470014FF00000E2
:1007900070BD41F0FE4141F4780170BD70B54FF07D
:1007A000FF0C4CF4E06C1CEA11541DBF1CEA1355FD
:1007B00094EA0C0F95EA0C0F00F0A7F8A4EB0504DF
:1007C00081EA030E52EA03354FEA013100F08880D6
:1007D0004FEA03334FF0805545EA131343EA12639F
:1007E0004FEA022245EA111545EA10654FEA002654
:1007F0000EF000419D4208BF964244F1FD0404F50D
:10080000407402D25B084FEA3202B61A65EB030568
:100810005B084FEA32024FF480104FF4002CB6EB25
:10082000020E75EB030E22BFB61A754640EA0C00A5
:100830005B084FEA3202B6EB020E75EB030E22BFE5
:10084000B61A754640EA5C005B084FEA3202B6EB26
:10085000020E75EB030E22BFB61A754640EA9C00E5
:100860005B084FEA3202B6EB020E75EB030E22BFB5
:10087000B61A754640EADC0055EA060E18D04FEA73
:10088000051545EA16754FEA06164FEAC30343EA13
:1008900052734FEAC2025FEA1C1CC0D111F4801FE0
:1008A0000BD141EA00014FF000004FF0004CB6E7D9
:1008B00011F4801F04BF01430020B4F1FD0C88BF78
:1008C000BCF5E06F3FF6AFAEB5EB030C04BFB6EB83
:1008D000020C5FEA500C50F1000041EB045170BD76
:1008E0000EF0004E4EEA113114EB5C04C2BFD4EBA3
:1008F0000C0541EA045170BD41F480114FF0000E27
:10090000013C90E645EA060E8DE60CEA135594EAA2
:100910000C0F08BF95EA0C0F3FF43BAF94EA0C0FA5
:100920000AD150EA01347FF434AF95EA0C0F7FF41A
:1009300025AF104619462CE795EA0C0F06D152EA6E
:1009400003353FF4FDAE1046194622E750EA410652
:1009500018BF52EA43067FF4C5AE50EA41047FF463
:100960000DAF52EA43057FF4EBAE12E74FF0FF3CC8
:1009700006E000BF4FF0010C02E000BF4FF0010C99
:100980004DF804CD4FEA410C7FEA6C5C4FEA430C12
:1009900018BF7FEA6C5C1BD001B050EA410C0CBF61
:1009A00052EA430C91EA030F02BF90EA020F0020C3
:1009B000704710F1000F91EA030F58BF994208BF2A
:1009C00090422CBFD8176FEAE37040F001007047E7
:1009D0004FEA410C7FEA6C5C02D150EA013C07D13E
:1009E0004FEA430C7FEA6C5CD6D152EA033CD3D089
:1009F0005DF8040B704700BF8446104662468C4683
:100A00001946634600E000BF01B5FFF7B7FF0028B5
:100A100048BF10F1000F01BD4DF808EDFFF7F4FFDE
:100A20000CBF012000205DF808FB00BF4DF808ED69
:100A3000FFF7EAFF34BF012000205DF808FB00BF8C
:100A40004DF808EDFFF7E0FF94BF012000205DF8AE
:100A500008FB00BF4DF808EDFFF7CEFF94BF012063
:100A600000205DF808FB00BF4DF808EDFFF7C4FF5C
:100A700034BF012000205DF808FB00BF4A0011D2FE
:100A800012F5001211D20DD56FF47873B3EB6252E8
:100A90000ED44FEAC12343F0004343EA505323FAF4
:100AA00002F070474FF00000704750EA013002D169
:100AB0004FF0FF3070474FF00000704753B94AB90C
:100AC000002908BF00281CBF4FF0FF314FF0FF3056
:100AD00000F00CB8ADF1080C6DE904CE08F030F967
:100AE000DDF804E0DDE9022304B07047704700BF81
:100AF00010F8012B11F8013B012A28BF9A42F7D0C8
:100B0000D01A7047034613F8012B002AFBD1181A9C
:100B100001387047000000000000000000000000E5
:100B200001F0FF01102A2BDB10F0070F08D010F89E
:100B3000013B013A8B422DD010F0070F42B3F6D1A2
:100B4000F0B441EA012141EA014122F007047FF0BB
:100B500000070023F0E80256083C85EA010586EA12
:100B6000010685FA47F5A3FA87F586FA47F6A5FA4E
:100B700087F68EB9EED1F0BC01F0FF0102F007025A
:100B800032B110F8013B013A83EA010313B1F8D105
:100B90000020704701387047002D06BF35460338E6
:100BA000073815F0010F07D1013015F4807F02BF1F
:100BB000013015F4C03F0130F0BC0138704700BF70
:100BC0004FEA410C7FEA6C5C02D150EA013C0AD149
:100BD0004FEA430C7FEA6C5C02D152EA033C02D13B
:100BE0004FF0000070474FF0010070474FEA41029C
:100BF000B2F1E04324BFB3F5001CDCF1FE5C0DD97B
:100C000001F0004C4FEAC0024CEA5070B2F1004FC4
:100C100040EB830008BF20F00100704711F0804FC7
:100C200021D113F13872BCBF01F00040704741F48C
:100C300080114FEA5252C2F11802C2F1200C10FA90
:100C40000CF320FA02F018BF40F001004FEAC12374
:100C50004FEAD32303FA0CFC40EA0C0023FA02F318
:100C60004FEA4303CCE77FEA625307D150EA0133EE
:100C70001EBF4FF0FE4040F44000704701F00040BE
:100C800040F0FE4040F40000704700BF0348044BB2
:100C9000834202D0034B03B118477047E4010020A0
:100CA000E4010020000000000548064B1B1AD90F84
:100CB00001EBA301491002D0034B03B11847704761
:100CC000E4010020E40100200000000010B5064C03
:100CD000237843B9FFF7DAFF044B13B10448AFF3AD
:100CE00000800123237010BDE401002000000000FB
:100CF00094D3000808B5054B1BB105490548AFF36F
:100D00000080BDE80840FFF7CFBF00BF0000000033
:100D1000E801002094D30008DFF834D00D480E49D4
:100D20000E4A002302E0D458C4500433C4188C4245
:100D3000F9D30B4A0B4C002301E013600432A242AA
:100D4000FBD300F08DFC09F04FFA00F061F8FEE7EC
:100D50000000052000000020E401002080E50008DC
:100D6000E4010020349D0020FEE7000010B594B09F
:100D70001022002102240AA809F074F9142200218B
:100D800003A809F06FF9204B012104201A6C42F0EE
:100D900080521A641B6C03F080530193019B1B4B20
:100DA0001A6842F440421A601B6803F440430293FD
:100DB000029B4FF48033CDE908134FF48003CDE953
:100DC0000E43D823CDE9100308A8CDE9124404F05E
:100DD0007DFE08B172B6FEE704F040FE08B172B6BF
:100DE000FEE70F234FF4A0520590072103A8CDE999
:100DF00003344FF48053CDE9062305F04FF808B1D2
:100E000072B6FEE714B010BD00380240007000401A
:100E10001FB500211022684609F024F904F09AFC5D
:100E2000012300226846ADF8003048F21F73CDE977
:100E3000012340F20113039304F0AAFC042004F000
:100E400097FC04F005FCFFF791FF00F023F800F099
:100E50009DF800F0B9F800F0F3F800F0D3F800F0D6
:100E60000DF900F029F900F045F900F061F907F0FB
:100E70001BFC00F05DF807F031FCFEE70268034B55
:100E80009A4201D104F0F0BB704700BF001000404F
:100E900072B6FEE7214B00211A6B42F0800200B5CA
:100EA0008BB01A631A6B06A802F080020192019AB5
:100EB0001A6B42F002021A631A6B02F002020292EB
:100EC000029A1A6B42F001021A631A6B02F00102D5
:100ED0000392039A1A6B42F008021A6310221B6BEA
:100EE00003F008030493049B09F0BCF840F20B13D1
:100EF00005A90B4805930123079304F0C5FC1022B4
:100F0000002106A809F0AEF84FF4806305A9044853
:100F1000059304F0B9FC0BB05DF804FB0038024007
:100F2000000C024008B54FF47A7007F049FCFAE76C
:100F300008B501F079FA00F075FC0B4A00210B4866
:100F400007F0ECFB0A4B0B4A002118600A4807F037
:100F5000E5FB0A4B0A4A002118600A4807F0DEFB4D
:100F6000094B186008BD00BFA0DC0008250F000871
:100F7000080200207CDC0008D920000804020020C0
:100F800058DC0008112400080002002008B50C49B4
:100F90004FF4E1320B4B08460B600023C1E90123FB
:100FA0000C224B62C1E90333C1E90523C1E90733D0
:100FB00006F09DF818B1BDE80840FFF769BF08BD0D
:100FC0003C0500200010014008B50C494FF4E13207
:100FD0000B4B08460B600023C1E901230C224B6236
:100FE000C1E90333C1E90523C1E9073306F07FF8FE
:100FF00018B1BDE80840FFF74BBF08BDB40400209E
:101000000014014008B50C494FF416520B4B08462A
:101010000B600023C1E901230C224B62C1E90333B9
:10102000C1E90523C1E9073306F061F818B1BDE84D
:101030000840FFF72DBF08BDC40500200044004054
:1010400008B50C494FF4E1320B4B08460B60002306
:10105000C1E901230C224B62C1E90333C1E9052335
:10106000C1E9073306F043F818B1BDE80840FFF7BF
:101070000FBF08BD2C0400200048004008B50C49F3
:101080004FF4E1320B4B08460B600023C1E901230A
:101090000C224B62C1E90333C1E90523C1E90733DF
:1010A00006F025F818B1BDE80840FFF7F1BE08BD0D
:1010B000A4030020004C004008B50C494FF4E13275
:1010C0000B4B08460B600023C1E901230C224B6245
:1010D000C1E90333C1E90523C1E9073306F007F885
:1010E00018B1BDE80840FFF7D3BE08BD1C030020BF
:1010F0000050004008B50C494FF416520B4B0846FF
:101100000B600023C1E901230C224B62C1E90333C8
:10111000C1E90523C1E9073305F0E9FF18B1BDE8CE
:101120000840FFF7B5BE08BD9402002000780040DB
:1011300008B50C494FF416520B4B08460B600023C0
:10114000C1E901230C224B62C1E90333C1E9052344
:10115000C1E9073305F0CBFF18B1BDE80840FFF740
:1011600097BE08BD0C020020007C004030B5D9B00D
:1011700004461422002111A808F074FF84220021E3
:1011800016A808F06FFF2368A14A93422BD1402391
:1011900016A8169304F05EFF08B1FFF779FE9D4B89
:1011A0004FF4C06100205A6C42F010025A645A6C2D
:1011B00002F010020192019A1A6B42F001021A63C6
:1011C0001B6B03F001030293029B0223CDE9111371
:1011D000032311A9CDE9130307238F48159304F0C6
:1011E00053FB59B030BD8D4A934229D14FF400636F
:1011F00016A8169304F02EFF08B1FFF749FE854BA1
:101200004FF0C00E11A986485A6C42F020025A6471
:101210005A6C02F020020392039A1A6B42F0040205
:101220001A6300221B6B03F004030493049B022344
:10123000CDE911E30323CDE9132308231593CEE76A
:10124000784A934232D1802316A8169304F002FF05
:1012500008B1FFF71DFE6F4B4FF0600C002411A981
:101260001A6C714842F400321A641A6C02F40032AB
:101270000592059A1A6B42F008021A631B6B03F081
:1012800008030693069B0223CDE911C30323CDE98E
:1012900013430723159304F0F7FA2620224605216D
:1012A00004F018FA262004F047FA9AE75F4A9342BE
:1012B00029D14FF4807316A8169304F0CBFE08B121
:1012C000FFF7E6FD534B4FF44064002511A91A6C5B
:1012D000574842F480221A641A6C02F48022079262
:1012E000079A1A6B42F002021A631B6B03F00203A7
:1012F0003793379B0223CDE911430323CDE91353E1
:10130000072315936BE74B4A934236D18022002185
:1013100038A808F0A7FE4FF4007337A8379304F0FD
:1013200099FE08B1FFF7B4FD3A4B4FF4406000243A
:1013300011A91A6C42F400221A641A6C02F40022F9
:101340000892089A1A6B42F004021A631B6B03F0AE
:1013500004030993099B0223CDE9110303233048B9
:10136000CDE913430823159304F08EFA3420224666
:10137000062104F0AFF9342095E72F4A93425DD15E
:101380008022002138A808F06DFE4FF4806337A852
:10139000379304F05FFE08B1FFF77AFD1D4B4FF461
:1013A0008051002408251A6C1D4842F480121A64EA
:1013B0001A6C02F480120A920A9A1A6B42F0040222
:1013C0001A631A6B02F004020B920B9A1A6B42F02A
:1013D00008021A631B6B159503F008030C930C9B12
:1013E0000223CDE91113032311A9CDE9134304F01E
:1013F0004BFA042311A90C481193159504F044FAF3
:1014000035202246062104F065F935204BE700BF60
:10141000001001400038024000000240001401406A
:101420000008024000440040000C02400048004018
:1014300000040240004C004000500040394A9342F2
:1014400036D18022002138A808F00CFE4FF48053DA
:1014500037A8379304F0FEFD08B1FFF719FD324BB2
:10146000002411A931481A6C42F080421A641A6CA7
:1014700002F080420D920D9A1A6B42F010021A632C
:101480004FF4C0721B6B03F010030E930E9B0223EC
:10149000CDE911230323CDE913430823159304F069
:1014A000F3F952202246052104F014F95220FAE6FD
:1014B0001F4A93427FF495AE8022002138A808F09D
:1014C000D1FD4FF4005337A8379304F0C3FD08B1A2
:1014D000FFF7DEFC144B002411A914481A6C42F0EB
:1014E00000421A641A6C02F000420F920F9A1A6BB3
:1014F00042F010021A6302221B6B03F010031093D8
:10150000109B0323CDE91132CDE913430823159332
:1015100004F0BAF953202246062104F0DBF85320E8
:10152000C1E600BF007800400038024000100240D1
:10153000007C0040FEE7FEE7FEE7FEE7FEE77047BF
:10154000014805F0B1B900BFC4050020014805F00D
:10155000ABB900BFA4030020014805F0A5B900BF46
:101560001C030020014805F09FB900BF9402002031
:10157000014805F099B900BF0C020020014805F0B0
:1015800039B800BF4C0600200D4B82B00F216FF020
:1015900001001A6C42F080521A641A6C02F08052F8
:1015A0000092009A5A6C42F480425A6400225B6CAA
:1015B00003F480430193019B02B004F08BB800BF99
:1015C00000380240214B1A6C42F0100230B589B04D
:1015D0001A641B6C054601A903A803F010030293CB
:1015E000029B04F019FD069B4BBB04F0F5FC184A66
:1015F000184B136040F2E733D360174BB0FBF3F3A3
:10160000013B10465360002313619360936105F022
:10161000E5F8044680B90E4804F0AAFF044658B91C
:10162000362004F089F80F2D0DD8224629463620A1
:1016300004F050F8094B1D60204609B030BD04F09D
:10164000CBFC4000D3E70124F6E700BF003802409E
:101650004C0600200010004040420F001400002003
:10166000034AD2F8883043F47003C2F888307047D8
:1016700000ED00E030B585B088B10B4B1C6884B13B
:101680000FC88DE80F00094B694620461B6803937D
:1016900000231A4605F065FF431E5842584105B025
:1016A00030BD2046FBE700BFA8060020AC060020A6
:1016B000074B70B51D6804464DB1FFF723FA21466C
:1016C00082B264232846BDE8704005F090BC70BD2E
:1016D0001C070020000000002DE9F04F2DED028BCB
:1016E000B0EE408A83B08A46064610EE100AFEF736
:1016F000D3FEB5EEC08ABAF1000F04460D460CBF0A
:101700004FF0010B4FF0640BF1EE10FA44BF0246AC
:1017100001F10043584643BF274F14461D46274F4B
:10172000FEF798FE02460B468046894620A1D1E985
:101730000001FFF733F822462B46FFF78BF940B93B
:101740001F49304603B0BDEC028BBDE8F04F08F0F6
:1017500072BD22462B4640464946FEF7F5FE194B20
:101760000022FEF73BFDFFF789F9144B002808BF64
:101770001F46BAF1000F10D0134A1821B0FBFBF33B
:101780000BFB1300CDE900303B46304608F0F0FB80
:1017900003B0BDEC028BBDE8F08F00903B460B4AD6
:1017A0001821304608F0E4FBF2E700BFAFF30080F9
:1017B00000000070FCFFEF41DDD300084ED40008AC
:1017C000DFD300080000E03FE7D30008F3D30008B0
:1017D000F8B5054608B90020F8BD0F4E3368002B58
:1017E000F9D00E4F4FF0FF322946306805F0D7FF91
:1017F00001280446EFD107F075F93B68EA689A4280
:1018000007D1074B1C7003F0E5F807F08FF920466D
:10181000E2E707F08BF9E5E7A8060020AC06002018
:101820000400002008B500226121042005F070FEAC
:10183000044B002210211860042005F069FE024BC1
:10184000186008BDB0060020A8060020064A074917
:10185000106000220A8006490A7006490A7010B119
:10186000012205F0CFBC70471C070020B6060020FF
:10187000B4060020180700202DE9F04100239AB09B
:10188000304E00933368002B3FD083423DD12E4A27
:101890002E4D13682C78013313602D4B1F780D2FBC
:1018A00001D00A2F3CD12B4FB7F80080B8F1000FC0
:1018B00000D1A4B1602200210DF1050008F0D2FB97
:1018C000424625490DF105008DF8044008F0BBFCA7
:1018D000224B1868E0B9224A1368013313600023D1
:1018E0001D4A3B802B70137001221949306805F0A6
:1018F00089FC009B4BB14FF0E0234FF08052C3F8BE
:10190000042DBFF34F8FBFF36F8F1AB0BDE8F08186
:1019100000236A4601A905F0DEFE0128DBD1DEE7DF
:10192000002CE1D10B490C4A08885E2805D8431CDD
:1019300017549BB20B80D454D6E701230C8014704B
:101940002B70D1E71C070020A4060020B40600205D
:1019500018070020B6060020B8060020B0060020B8
:101960009C0600200C4B1B6810B48BB183420FD136
:1019700000220A4908240A8009490A7019680C6281
:10198000C3F88420012207495DF8044B05F03ABCF6
:101990005DF8044B704700BF1C070020B60600200E
:1019A000B4060020180700202DE98048ADF57B7DA6
:1019B00027AC01F075F88C4B18680028F9D0142278
:1019C000214605F0ECFE0128F3D11EAD10220021C6
:1019D000284608F047FB26783EB1844A84481368BD
:1019E00001331360FFF764FEE2E782490DF19D00C9
:1019F00008F052FB04460028DAD07F4A7F4913687A
:101A000001331360FFF774F8D8B97A4908F044FB42
:101A1000044620B1754A136801331360E1E007F012
:101A200061F8774A13680133136002F0CDFF754BFC
:101A3000186810B1214605F0CAFC07F077F8724823
:101A4000D0E772492046FFF753F8002840F0BC80E9
:101A5000684908F021FB04460028DBD103F0E6FDCD
:101A6000022140A86A4DFFF737FE02F025FF022150
:101A700046A8FFF731FE674B02214CA893ED000A00
:101A8000FFF72AFE644B022152A893ED000AFFF7EC
:101A900023FE624B214658A893ED000AFFF71CFE77
:101AA0005F4B21465EA893ED000AFFF715FE5D4BE4
:101AB0001B78002B00F081805B4B5C4C1B785C4AF0
:101AC000072B08BF14464FF4FA7003F06DFD594B15
:101AD000594A002818BF1A462B78DBB21A9216937F
:101AE000564B187800F0C4FF554B17901B78DBB2AB
:101AF0001893544B187801F0DDFA534B19901D7868
:101B0000524BEDB2187801F0E1FA514B06461878C5
:101B100000F0BAFF4F4B0746187802F04BF84E4BD7
:101B2000804693F800904D4B5FFA89F993F800A036
:101B300002F05AFF4A4B83465FFA8AFA187801F09E
:101B40003DFD484A1D90107801F044FD46491C9027
:101B5000087801F089FF1B904448007801F090FF5D
:101B60001D9B1B991C9A159064A814914FF4167133
:101B700013923F4ACDE911B3199B0A93189B09931D
:101B8000179B0893169B07935EAB069358AB059380
:101B900052AB04934CAB039346AB029340AB01931F
:101BA0001A9B00932346CDE90F9ACDE90D78CDE934
:101BB0000B5608F0DDF964A814E72B782D4C2E4A5B
:101BC000CF2B88BF14467EE72C492046FEF790FFB6
:101BD000002840F0B280074908F05EFA0546002868
:101BE00050D02748FEE600BFB00600209C0600202B
:101BF00038D400084CD40008A00600204FD40008B8
:101C0000AC060020A806002061D400086BD40008B0
:101C10009806002054080020500800201C080020CE
:101C200018080020040000205A08002002D40008F0
:101C3000F9D3000815D400081CD40008620700205E
:101C400060070020B4070020B3070020B20700207F
:101C5000B1070020BD070020BE0700205908002062
:101C6000B7070020B6070020BC07002007000020AF
:101C700072D4000810D400080AD400083ED8000826
:101C800054D4000840AC22AF204600F01DFF06F0FF
:101C900029FF924BDFF8BCC21E78BCE80F000FC7CB
:101CA000DCF800303B6006F041FF409B8C484599D2
:101CB000439A1993429B0078419F449C9DF8198157
:101CC0009DF81AA19DF81BB19DF8189118911693D3
:101CD000179200F0D9FE179A169B18990692009752
:101CE000804ACDF80CA0804FCDE90906CDE90794D4
:101CF000CDE904B3CDE90181199BDC2164A822ACB4
:101D000008F036F964A8FFF7D3FCEBB29E4201D984
:101D1000052D01D1754865E654F8043BDC21744A71
:101D200064A80093734B002D08BF3B46013508F0B3
:101D30001FF964A8FFF7BCFCE7E76F492046FEF7F0
:101D4000D7FE38B96D4908F0A7F900287FF462AED4
:101D50006B4847E66B492046FEF7CAFE78B96749EB
:101D600008F09AF900287FF455AE0A2328462B7014
:101D7000FFF780FC08B9644834E6644832E66449F9
:101D80002046FEF7B5FE70B95C4908F085F90028D9
:101D90007FF440AE0D2328462B70FFF76BFC002824
:101DA000E9D05C481EE65C492046FEF7A1FE20B162
:101DB0005A492046FEF79CFED0B95049002008F051
:101DC0006BF900287FF426AE20465349FEF790FEBB
:101DD0000028284614BF0C240B242C70FFF74AFC63
:101DE0000028C8D04E484F4B0B2C18BF1846F9E5B9
:101DF0004D492046FEF77CFE70B9404908F04CF989
:101E000000287FF407AE0E2328462B70FFF732FC24
:101E10000028B0D04548E5E545492046FEF768FE74
:101E200070B9364908F038F900287FF4F3AD0F2374
:101E300028462B70FFF71EFC00289CD03D48D1E5BA
:101E40003D492046FEF754FE2C490746002840F045
:101E5000838008F021F904462849384608F01CF927
:101E6000064654B348B364AF394607F0E1FE649BBD
:101E7000B0EE408A9E4220D01B78F3B9B5EEC00A7E
:101E8000F1EE10FA19DDDFED2D7AB4EEE70AF1EE8E
:101E900010FA12D82A492046FEF72AFE30B1294905
:101EA0002046FEF725FE40B9B1EE488A13490020CE
:101EB00085ED028A08F0F0F828B1234A2348136818
:101EC000013313608EE5092328462B70FFF7D2FB00
:101ED00000283FF450AF1E4884E500BF48070020AB
:101EE00061070020B3D500084ED4000867D700086A
:101EF0003DD6000824D4000845D600084CD400087C
:101F00004AD600084AD700084FD7000860D7000813
:101F10006AD7000870D700087BD7000880D7000870
:101F200026D4000830D4000883D7000888D70008DA
:101F300092D7000899D70008A5D700080000B4433D
:101F4000A9D70008AAD700089C060020ADD7000832
:101F5000B9D700084C070020002008F09DF853492D
:101F600007462046FEF7C4FD00286AD050492046A7
:101F7000FEF7BEFD002866D04E492046FEF7B8FDAC
:101F8000002862D04C492046FEF7B2FD00285ED002
:101F90004A492046FEF7ACFD00285AD04849204661
:101FA000FEF7A6FD002856D046492046FEF7A0FDC4
:101FB000002852D044492046FEF79AFD00287FF4BD
:101FC00029AD0824002F3FF425AD3B78002B3FF4CA
:101FD00021AD7A1E12F8013F002B40D1002E3FF4B4
:101FE00019AD64AE0A2233603846314607F0F2FE7E
:101FF000336893F80080B8F1000F7FF40BAD421EF8
:1020000042F20F739A423FF605AD686040462F4991
:1020100008F042F8631F0746032B25D900287FF4F8
:10202000F9AC2A49002008F037F800287FF4F2AC18
:1020300028462C70FFF71EFB00283FF49CAE244876
:10204000D0E40124BEE70224BCE70324BAE7042459
:10205000B8E70524B6E70624B4E70724B2E7303B27
:102060000126092BB6D9D5E400283FF426AF314626
:10207000C6F8008007F0DCFD33689F423FF41DAFD7
:102080001B78002B7FF419AFB5EEC00AF1EE10FA01
:102090007FF713AFDFED0F7AB4EEE70AF1EE10FA37
:1020A0003FF60BAF85ED020ABBE700BF43DC00083B
:1020B0004DD700087ED700086ED70008C2D70008A9
:1020C000C5D70008C8D70008CBD700084CD40008F3
:1020D000CED700080000B4422DE9F04FA54B0026F2
:1020E0004FF00109A44DA54C85B0A54F85F800908F
:1020F0001E7026703E7001F0C3FDA249A24802F096
:10210000E1FB642006F05CFBA04801F0CDFC4946F1
:102110003046DFF88CA200F0EBF9B04214BF052284
:102120004A463A7003F0C6F8924BCF28207088BF19
:102130004FF0000883F8009098BF4FF001082E7010
:10214000934E6846FFF744FB0028FAD0B8F1000F21
:102150000BD19DF800300A2B09D003F0ABF8CF2843
:1021600003D9207085F80080EBE74FF00108894B18
:102170001B7823B100232B7004232370E1E79DF823
:102180000030A3F10902062A00F2B780DFE802F06E
:1021900004B0646B860D9E009DED020A02F012FFF2
:1021A000CF28207040F2A6804AE000F083FE082885
:1021B00031D8DFE800F09D9D05050930211323008B
:1021C000754B1878C0B2EBE7744B1B78072BDAB26B
:1021D00001D9E52333E0724B985CE1E7714B1A7843
:1021E000022A01D1E7232AE01A78032A01D1E12348
:1021F00025E01B78072BECD0E22320E06A4B1A780D
:10220000022AF4D01A78032A01D1E42317E01B78BC
:10221000042BF1D1E6E7654B1A78022AE7D01A7849
:10222000032AE9D01A78052AE6D01A78062AE3D0DC
:102230001A78072ACDD01B78082B2DD1E6232370DE
:1022400002F0D2FB002855D19DF800300A2B00F097
:10225000BB8000232B7074E700F01CFB0728B8D864
:102260001AF800009CE701F015FA082814D801A319
:1022700053F820F0F1220008F1220008EF210008B5
:10228000F921000899220008F9210008F921000825
:10229000D32100083D220008E823D0E701F068F8C8
:1022A0000728A9D801A353F820F000BFF1220008A5
:1022B000F1220008E5210008EF210008F9210008BB
:1022C000F9210008F9210008D321000801F0E2FCFF
:1022D000042891D801A353F820F000BFF122000890
:1022E000F1220008EF2100080B220008E521000878
:1022F0000423237000233370A6E7023B062B05D886
:10230000DFE803F03210151A1F242B009FED281A66
:102310009FED280ADFED271A0198F0EE610A02F01E
:102320004DFE3DE79FED221A9FED230AF2E79FED58
:10233000201A9FED220AEDE79DED020A9FED201A7B
:10234000E8E79DED020AB1EE400AF7E79FED1D0AAE
:10235000DDED027A30EE670AF0E79FED1A0ADDED57
:10236000027A30EE670AEEE79FED111A9FED150A2B
:10237000D0E700BF99060020040000209806002046
:1023800020070020C40500202C040020B4040020F5
:102390005A08002059080020AD070020B10700208E
:1023A000DCDC0008AF070020AE070020B0070020EB
:1023B0000000E643000000000000B4420000B4C288
:1023C00000009643000034434FF00109022043F619
:1023D00098224946387085F8009000F0B3F890B91B
:1023E00001F08CFB0323834643F698224946484676
:1023F0003B7000F0A7F830B904231BF0FD0F3B70D1
:1024000003D1237025E705233B70E223F9E700BFE2
:1024100010B504460348FFF719FA2046BDE81040FE
:10242000FFF7C2BA1C03002008B5064800F040F8C8
:10243000054800F031F900F07DFBBDE8084000F0F0
:102440000FBA00BF94020020A403002010B5044678
:1024500003F094F8204600F073F92046FFF70CFAD9
:10246000204600F09DF82046BDE8104000F08CBBEF
:1024700010B5044602F0A2FF204600F0A7F920465E
:10248000FFF770FA204600F0DFF82046BDE8104064
:1024900000F022BC0023034A1370034A1370034A5E
:1024A0001370704723070020220700202107002017
:1024B0000A4BFF2210B51860094B0A4C1A70022310
:1024C00000222370084B1A70FFF7E4FF28B10122A5
:1024D000064904F097FE00B9207010BD30070020B7
:1024E0000600002005000020200700202C07002007
:1024F00037B5104A0346104C106828B901232370E1
:102500002078C0B203B030BD0C4AFF258DF805100D
:10251000090A15700A4A8DF80430642300920722D4
:102520008DF80610694604F062FD08B10223E6E763
:102530002070E5E73007002005000020060000209D
:1025400055550506F8B5134B064614461B6803B1EE
:102550001AB9114B01221A7003E0FFF7C9FF18B135
:102560000D4B1878C0B2F8BD03F08AF80B4F054642
:1025700003F086F8431BA34202D3074B0322EAE78A
:102580003B78B34202D1044B0022E4E70A2006F074
:1025900017F9EDE7300700200500002006000020B5
:1025A000224A0346106810B500283DD098423BD11E
:1025B0001F4A204B11781B78032932D8DFE801F03D
:1025C000020C121C552B01D1012313700122194951
:1025D000BDE8104004F016BE552B01D10223F4E7EC
:1025E0000023F2E7991E07291BD813490B7000211D
:1025F000124B19700323E8E710490C78621CD2B221
:102600000A700F490B550C4B1C78631EDBB29A42C3
:10261000DCD3052C05D10B78082B02D14A78094B65
:102620001A70FFF737FFD1E710BD00BF3007002059
:10263000210700202C07002023070020220700206C
:1026400024070020060000200A4A116808B579B165
:1026500081420DD1FFF71EFF0B6808221A6200238A
:102660000122C1F884300449BDE8084004F0CABD25
:1026700008BD00BF300700202C0700200023034ABC
:102680001370034A1370034A137070473707002012
:10269000360700203807002008B5094B094A1860A2
:1026A00000231370084A1370084A1370FFF7E6FFFF
:1026B00028B101220349BDE8084004F0A3BD08BDCC
:1026C0004407002040070020350700203407002081
:1026D000114A034613B51068D0B1012B16D0022B56
:1026E00016D132230D4A0DF107018DF80730002372
:1026F0000B4C13702370FFF7C1FF6423012204F019
:1027000076FC38B90123237002B010BD3123E9E70C
:102710000120F9E70220F7E74407002035070020F1
:1027200034070020EFF3108272B6044B00211878B2
:102730001970C0B202B962B6704700BF35070020F9
:102740001B4A38B503461068002830D098422ED175
:10275000184B1C780D2C14D0174B0A2C1A7816D154
:102760006AB9164B1978012909D1154B1B78312B01
:1027700005D1144B1C7814B1134C21701A70FFF75B
:102780007DFF01220B49BDE8384004F03BBD002A23
:10279000F7D10A4D2978062995BF4B1C0122DBB2DF
:1027A0001A709FBF2B70064D6C54EA54E9E738BD90
:1027B000440700204007002036070020370700208C
:1027C0003807002034070020350700200A4A116826
:1027D00008B579B181420DD1FFF750FF0B6808228F
:1027E0001A6200230122C1F884300449BDE8084080
:1027F00004F008BD08BD00BF4407002040070020CA
:10280000074B187000F0FB03032B064B04D0012884
:1028100004D108221A7070470722FBE70922F9E762
:10282000610700206207002002280B4A4FF00303D3
:1028300010B50ED113700346084C43F698220121BF
:102840002370FFF77FFE002814BF052304232370A5
:1028500010BD05211170EFE762070020200700205E
:102860000023074AC2E90033C2E902331361054A73
:102870001370054A1370054A1370054A13707047A8
:102880004C07002048070020620700206107002055
:10289000600700202DE9F04F00236F4A6F4D85B08F
:1028A000DFF8C4812B70137098F800206C4C042A58
:1028B00004D92B700623002023700EE001F06CF980
:1028C00098F800300746C3F10503984288BFDFB28D
:1028D00037B9052009232870237005B0BDE8F08FB3
:1028E000DFF88891012699F8003023B12E70082373
:1028F00001202370F1E7267000F0A4FA38B1012816
:1029000018BF062005B0BDE8F04FFFF779BF30468D
:10291000FFF78AFF064608B1042338E099F8003033
:1029200013B101232B70E2E798F8003001204A4AE6
:102930000133DBB213704FF002032370FFF7C8FEC0
:1029400030B14FF0020302202B7009232370C4E73B
:1029500002F096FE42F20F7B824602F091FEA0EB5F
:102960000A00584501D90320CCE799F80030002B24
:102970006CD1FFF7D7FE18B9012005F021FFECE775
:1029800000F0C4F80220FFF74FFF042320B12B70A2
:10299000092304202370A0E7237042F20F7B02F08A
:1029A0006FFE824602F06CFEA0EB0A0058450BD980
:1029B0004FF0070A0120FFF737FF0028ACD1BAF12A
:1029C000000F36D050469DE799F8003003F0FF0124
:1029D000002B3DD103A80391019100F0BDF8D8B1BF
:1029E000039B98F800C01F4801995FFA81FEF445E7
:1029F0000DD8019301F082F8019B824680B1BAF1B3
:102A0000020F14BF4FF0050A4FF0010AD2E750F849
:102A1000042B01319342E8D1012005F0D1FEC1E73A
:102A200098F800100F4A481C42F8213088F800003E
:102A3000C0E799F80030002B7FF473AF0136F3B292
:102A40009F423FF66BAF85F800A033E7012059E7BE
:102A50004FF0010AAEE700BF6007002061070020C9
:102A6000620700204C07002048070020590800207A
:102A700009289ABF024B53F820000248704700BF54
:102A800004DD0008D3D7000807289ABF024B53F88B
:102A900020000248704700BFE4DC0008D3D70008DC
:102AA00010B5EFF3108472B60548D0F88030202BB3
:102AB00003D10122034904F0A5FB04B962B610BD9D
:102AC0000C020020AC070020F0B50646B8B1EFF3C9
:102AD000108772B60A4D04460FCD0FC4094B95E816
:102AE00007001B7884E80700B376074BD3F88030E3
:102AF000A3F1220253425341F37607B962B6F0BD07
:102B000088070020A40700200C020020EFF31082A9
:102B100072B6002304490B6004490B7004490B7022
:102B200002B962B6704700BFA8070020A4070020C2
:102B30006807002008B5064A002306481370FFF70F
:102B4000E5FF01220249BDE8084004F05BBB00BF7D
:102B5000AC0700200C020020034610B578B1EFF35B
:102B6000108472B6064A117801F0FF0029B10549B8
:102B70000120096819600023137004B962B610BD02
:102B8000A4070020A8070020F8B578B1494B984267
:102B90000CD1494C236801332360484B1D7865767E
:102BA000D0F884601EB1D0F88430A360F8BD02F084
:102BB00067FD434A434913681060C31A642B88BFFA
:102BC0000E700A7852B9012D28D0042D26D001228A
:102BD0003A493848BDE8F84004F014BB012A16D140
:102BE0006B1EDBB21B2B10D802FA03F336481840D9
:102BF000A0B903F00903003B18BF01230B70334B4E
:102C00001D70636801336360E1E70023F6E7032A80
:102C100004D1202D02D000230B70F2E7501C2B4B67
:102C2000C0B29D5401280870D1D95A789042CED1B3
:102C300000201F4605465FFA80FC624507D8FF2D3D
:102C40000BD063680133636000230B70BFE717F894
:102C500001CB01308CEA0505EDE7E0680130E0606A
:102C6000187920760028EFD11878012804D19878B7
:102C7000A128E9D10C2A07E00428E5D19878022898
:102C8000F8D00428E0D11C2ADED10722985C01325A
:102C90000B2A40EA0626F9D16661236901332361D4
:102CA0000B4B1A78002ACFD10A4A166001221A70FB
:102CB000CAE700BF0C02002088070020AC070020F4
:102CC00064070020680700208008200869070020AA
:102CD000A4070020A807002010B5A0B10A4B984215
:102CE00011D1D0F88420094B9A60FFF70FFF0368D9
:102CF000082207491A6200230122C0F88430BDE887
:102D0000104004F07FBA10BD0C020020880700209C
:102D1000AC0700209FED071A10B5F0EE410AB0EEA7
:102D2000410A01F0A2FD044608B101F063F9204612
:102D300010BD00BF000000002DE9F04F2DED028B0B
:102D400085B08246019102F09BFC80464FF4FA70F8
:102D500002F02AFC38B9FFF7DDFF042005B0BDEC16
:102D6000028BBDE8F08F0027DFF8D4B0DFED328AA8
:102D70003E4602F085FC4FF4807104462F4802F075
:102D800067FE012102902D4802F062FE0221814679
:102D90002A4802F05DFE08210546284802F058FE48
:102DA0009BF80010024629B1FFF7B4FF00283ED17E
:102DB0000120D3E7019B3BB1A4EB0801514503D3AC
:102DC000FFF7A8FF0220C9E74FF4FA70039202F060
:102DD000EBFB0028BFD0029B5BB345EA0905039AD1
:102DE000EDB275B92AB3002F08BF2646FFF792FF50
:102DF000E8B9A41B312CB1D80127142005F0E0FC60
:102E0000B7E7B3EE098A002AFBEE097A08FE278AA3
:102E1000B3EE090A01F026FDF0EE480AB0EE401AC2
:102E2000B0EE680A01F021FD07460028E5D0032036
:102E300094E7B3EE098AEBE700000000000C0240C3
:102E400059080020012141F28830FFF775BF0021A9
:102E50000846FFF771BF000008B5054B1B782BB97A
:102E600001F0C2FD003818BF012008BD0120FCE7B9
:102E7000590800209FED071A08B5F0EE410AB0EEA0
:102E8000410A01F0F2FC18B1BDE8084001F0B2B807
:102E900008BD00BF0000000008B5FFF7EBFF034BC3
:102EA00013221A700122024B1A7008BDB4070020C9
:102EB000B20700202DE9F74F734B0025734C744E79
:102EC0002570DFF8E0911D70DFF8DCA1714BDFF8B1
:102ED000DCB1DFF8DC81704F35701D7089F800506F
:102EE0008AF800508BF8005088F80050EBB2664A20
:102EF00013706B1E042B04D8DFE803F00E101214BD
:102F0000160001232370FFF7A7FF78B1FFF7C4FF76
:102F1000012003B0BDE8F08F0223F3E70723F1E7B8
:102F20000923EFE70323EDE70423EBE73B78062BC8
:102F30001AD8DFE803F0042136467B586900DFED3C
:102F4000571A97ED031AF0EE610A97ED020A7868B6
:102F500002F034F888F8000001F046FD0028D5D1D1
:102F600098F80030CF2B7DD9FFF784FF142302207F
:102F7000237002233370CCE797ED020A02F022F8A7
:102F800088F8000001F030FD0028BFD198F800302B
:102F9000CF2B67D9FFF76EFF142303202370307007
:102FA000B7E7FFF777FC3B4A10701378012BADD0E1
:102FB0001378002B56D0FFF75DFF142304202370F5
:102FC000EDE700F067FB89F8000099F80030012B6D
:102FD0009CD099F80030002B44D0FFF74BFF14230E
:102FE00005202370DBE700F0C3F98AF800009AF8A7
:102FF0000030012B8AD09AF800309BB3FFF73AFFDC
:10300000142307202370CAE700F044FE8BF8000069
:103010009BF80030012B3FF479AF9BF800300BB3E5
:10302000FFF728FF142308202370B8E71C4B032266
:103030000121387C1A7040F6B832FFF783FA01900C
:10304000FFF70AFF00287FF461AF019A144B3AB1F1
:1030500005221A70FFF70EFF1423062023709EE747
:1030600004221A70FFF7F8FE00287FF44FAF0135F5
:103070001437062D7FF43AAF0190FFF7FBFE1223C1
:10308000019823708BE700BFB3070020B40700202E
:10309000B2070020B1070020A4DD000800000000F6
:1030A00020070020B0070020AF070020AE07002057
:1030B000AD07002014289ABF024B53F820000248A5
:1030C000704700BF50DD0008D3D7000808289ABF1A
:1030D000024B53F820000248704700BF2CDD000867
:1030E000D3D70008D02807D0E12805D0CF2894BF37
:1030F000002001208000704703207047024B1878A1
:10310000003818BF01207047590800200238024BD0
:10311000C0B2185C704700BFC8DE000870B50E4E24
:10312000337813B10124204670BD0121FFF7E0F987
:10313000044678B902F0A4FA054602F0A1FA431B4E
:10314000B3F5FA7FEFD23378002BEBD10A2005F0EC
:1031500037FBF2E70524E6E75908002008B5FFF73A
:10316000E1FA10B10120014B187008BDB50700202D
:103170009FED061A08B5F0EE410AB0EE410A01F0E3
:1031800074FB10B100F036FF042008BD0000000001
:1031900038B5FFF7EDFF00BB134C2378A3B901202E
:1031A000FFF796FAD8B902F06BFA054602F068FA12
:1031B000431BB3F57A7F237803D303F0FF0023B1D9
:1031C00000E01BB1FFF7D4FF022038BDFFF7AAFAD9
:1031D00038B9012005F0F4FAE8E70320F5E7042008
:1031E000F3E70120F1E700BF59080020F8B51D4EB4
:1031F0000C461D4F30703B780BB10220F8BDDFED5F
:103200001B1A5A209FED1A1AF0EE610A9FED190A57
:1032100001F0D4FE054601F0E7FB0028EDD1284679
:10322000FFF760FF032819D0B0B9FFF7A1FF98B9E5
:103230003B78002BE1D13470FFF7AAFF431E032B2C
:103240000ED801A252F823F0FD310008FB3100082E
:1032500059320008FD3100080320CFE70520CDE7F3
:103260000020CBE7B707002059080020000000002D
:103270000000204200003443054B1870054B10B984
:1032800020221A70704701280CBF21222222F8E761
:10329000B6070020B707002008B5064B1B7803F0DF
:1032A000FF002BB1FFF764FF002814BF04200120AA
:1032B00008BD00BF59080020104BDFED111A9FED2B
:1032C000111AF0EE610A9FED100A10B51870752002
:1032D00001F074FE044601F087FB50B92046FFF769
:1032E00001FF38B9FFF744FF28B9BDE81040FFF7E8
:1032F000D3BF012010BD0420FCE700BFB7070020AA
:1033000000000000000020420000344308B5084BD4
:103310001B784BB944F620620121FFF713F928B955
:10332000BDE80840FFF7B8BF012008BD0520FCE755
:103330005908002038B50C4D14462970FFF7E6FFF8
:1033400070B92C70FFF7A8FF50B9084800F056FB81
:10335000042804D028B9BDE83840FFF79DBF0120FC
:1033600038BD0620FCE700BFB7070020FD3000088D
:103370002DE9F7430023884D884C2B70237000F013
:103380006BFB18B90620222320700CE001262E705A
:10339000FFF75DFD04280ED8DFE800F00F030D0BEA
:1033A0000900212326702B7003B0BDE8F0830320B1
:1033B000E9E70420E7E70220E5E718230B202B705C
:1033C000FFF7ACFE044668B919232B70FFF7E0FE47
:1033D00001280DD11D221C210C20FFF7ABFF044654
:1033E000002836D0204603B0BDE8F043FFF744BFC5
:1033F00078B3FFF78BFE04460028F3D10B23082097
:103400002B70FFF78BFE0028EDD1654E654FDFF87E
:10341000A881002C3AD163000C33DBB22B70FFF78C
:10342000B7FE012803467ED1142213210920FFF79D
:1034300081FF0028D7D10134042CEAD117230720BB
:103440002B70FFF763FF0028CDD11620FFF734FF64
:103450006DE01B211A20FFF7C9FE012813D11D22A0
:103460001C210C20FFF766FF04460028BAD11E235A
:103470000A202B70FFF74AFF04460028B2D11F2014
:10348000FFF71AFFB7E70028F1D0B2E7012C13D0FD
:10349000022C0CBF0F2311232B7000238DF8073053
:1034A00033703B7853B1022318F8030000289AD1F7
:1034B000032CB0D11223B1E70D23EDE70120FFF774
:1034C00007F960BBDFED381A0DF1070237495A20C2
:1034D000F0EE610A9FED361A9FED360A01F08AFA86
:1034E000814601F081FA0028DDD14846FFF7FAFD58
:1034F000032816D008B10323D6E7FFF739FE0028CA
:10350000F9D13B78002BCED19DF807302BB9337819
:10351000003B18BF0123DBB2C6E70123FBE704230E
:10352000C2E70523C0E7002885D0FFF7EFFD00289C
:103530007FF459AF022305202B70FFF7EFFD002821
:103540007FF451AF03232B70FFF722FE01281BD11C
:10355000062205211046FFF7EDFE00287FF443AF59
:1035600007210420FFF742FE012812D1062205217F
:103570001046FFF7DFFE00287FF435AF0A23002056
:103580002B70FFF7C3FE2EE70028E9D0FFF7BEFD42
:1035900029E70028F2D0F9E7B7070020B607002096
:1035A000B507002059080020000000005D31000828
:1035B0000000204200003443CEDE000822289ABFDB
:1035C000024B53F820000248704700BF3CDE000861
:1035D000D3D7000807289ABF024B53F820000248AF
:1035E000704700BF1CDE0008D3D70008024B1878D4
:1035F000003818BF01207047590800209FED071AB6
:1036000010B5F0EE410AB0EE410A01F02EF9044681
:1036100008B100F0EFFC204610BD00BF0000000024
:1036200010B50446FFF7EAFF4FF4FA7001F0BCFF53
:1036300008B101F01DF9204610BD00000A4B10B57D
:103640001B7803F0FF0423B10124FFF7D7FF2046C6
:1036500010BD4FF4FA7001F0A7FF0028F7D1022443
:10366000FFF7CCFFF3E700BF5908002010B502F0C8
:1036700007F8044602F004F8031B4F2B01D9002081
:1036800010BDFFF7DBFF0028FAD1142005F098F8F1
:10369000F0E700002DE9F0474FF4FA702DED048BB0
:1036A00001F082FF38B90224FFF7A8FF2046BDECE5
:1036B000048BBDE8F0874FF0000801F0E1FF41F214
:1036C0008739064647469FED7C8A01F0D9FF0546BB
:1036D000FFF7B4FF044628B9AB1B4B4505D90424BA
:1036E000FFF78CFFFFF78AFFE0E74FF48061734834
:1036F00002F0AEF930B9B8F1000F14D0ED1B1D2D5A
:1037000019D84446B3EE090A01F0ACF8FBEE090AF9
:10371000B0EE401AB0EE480A01F0A7F830B1032429
:10372000FFF76CFFDEE72F460124EBE71420A046ED
:1037300005F046F8C9E7FFF761FF002840F0B980BF
:10374000FFF794FF04460028B0D103205C4D01210F
:103750002870FEF7CDFE044610B105242C70A5E7B5
:1037600001F08EFF574F064601F08AFF831BB3F529
:103770007A7F24D304232B70002C97D101F056FFBD
:10378000DFED517A514E072430EE278A01F078FFA1
:10379000814601203470FEF79BFF0746002849D17F
:1037A000DFED4B8A9FED449ADFED4A9AFFF746FF23
:1037B00088B1BDEC048BBDE8F047FFF731BF3B7823
:1037C0001BB9142004F0FCFFCEE74446D2E7A9EB76
:1037D0000A098144EAE701F053FF43F69723A0EB7F
:1037E0000900984201D90920E3E701F01FFFB4EE78
:1037F000C08AF1EE10FA4CD9032F3BD8FEF792FFA6
:10380000C0B301F03DFF8246FFF7F8FE60BBFFF753
:103810002DFF044650B9022344F620620121042002
:103820002B70FEF78FFE38B105242C7001F028FFB5
:10383000002CCCD02046BCE7274800F0DFF8042855
:1038400016D098B9042301372B70FFB21D4B1B789B
:1038500003F0FF0463B9042FE8D00120FEF738FF1E
:10386000041E18BF0724E1E70324DFE70624DDE791
:103870004446DBE7B0EE681AF0EE490AB0EE690A9A
:1038800000F0F3FF08B1032093E7142004F098FF41
:103890008CE7FFF7B3FE0028F5D1FFF7E7FE0446FB
:1038A000002886D1B0EE480A00F0FAFF04233370F6
:1038B000FCE60324FAE600BF00000000000C024012
:1038C00020070020590800200000B0435A080020BB
:1038D00000004442000078C2ED35000838B50E4DB6
:1038E0000E4C2B78012B04D0012323702078C0B21A
:1038F00038BD4FF4A0630022642100F039FC003889
:1039000018BF012040002070237813B902232B70C8
:10391000ECE70323FBE700BFBC0700200700002003
:1039200038B5094D094C30B903232B70012323709E
:103930002078C0B238BD00F0D5FB054B4FF4527271
:103940001A6000232B70F2E7BC070020070000205C
:10395000B807002008B500F0D7FB0038064B18BFA9
:103960000120400018701A78002A044A14BF03216D
:1039700001211170187808BD07000020BC07002045
:103980000020FFF7ABBF00002DE9F843184D0446B7
:103990002B78022B06D0174B01221A701878C0B270
:1039A000BDE8F88301F06CFEDFF84C80074640F27A
:1039B000DB5901F065FEC61B3CB1A04728B100F001
:1039C000BDFB04220B4B2A70E7E7D8F800309E427B
:1039D00004D3012300222B70064BDEE74E4503D9AA
:1039E00000F0ACFB0322EDE70A2004F0E9FEE0E77B
:1039F000BC07002007000020B807002010B50446CF
:103A0000FFF7BEFF20B92046BDE81040FFF7BCBF5E
:103A100010BD10B504460120FFF760FF20B9204615
:103A2000BDE81040FFF7B0BF10BD000008B500F0C2
:103A300085FB0038064B18BF0120400018701A782B
:103A4000002A044A14BF032101211170187808BD0F
:103A500007000020BC070020024B1878431E584284
:103A600058417047BC07002004289ABF024B53F806
:103A700020000248704700BFE8DE0008D3D70008E6
:103A800004289ABF024B53F820000248704700BF39
:103A9000D4DE0008D3D70008024B1878003818BFCE
:103AA000012070475908002038B5114A0023114CF5
:103AB0001370114D237003232B70FFF731FF10B9E2
:103AC000FFF748FF28B104280BD003280CBF0520BE
:103AD000042028702B7833B1052323702878C0B2D6
:103AE00038BD0220F5E7C82004F06AFE0123F4E7A0
:103AF000BE070020BD07002008000020F8B5224DB9
:103B0000224C2B78012B0BD02B78032B08D02B7851
:103B1000042B14BF0323012323702078C0B2F8BD07
:103B20001B4E3378052B03D904232B700123F3E7B5
:103B3000FFF7B2FF18B106232B700223ECE7022730
:103B400014482F70FFF75AFF28B1042811D003281A
:103B50000CBF052004202070237863B9337801332B
:103B6000DBB233703378052B94BF032304232B700F
:103B7000D3E73846EFE72378022B01D10623F6E797
:103B8000FFF754FF0523F2E7BD07002008000020DF
:103B9000BE070020993A0008054B1A78052A04D878
:103BA0001878C0F10600C0B270470020704700BF0F
:103BB000BE07002006289ABF024B53F82000024897
:103BC000704700BFFCDE0008D3D70008024B18780E
:103BD000003818BF012070475908002038B5044646
:103BE000FFF7F4FF60B9094D022344F6206201217A
:103BF00020462B70FEF7A6FC18B1052306202B707B
:103C000038BDBDE83840FFF7E1BF00BF2007002006
:103C100008B5FFF7DBFF08B1012008BD0448FFF736
:103C2000F8FE0428F8D0002818BF0720F5E700BFE9
:103C3000CD3B000810B50246FFF7C8FF08B10120D0
:103C400010BDDFED0D1A10469FED0C1AF0EE610A63
:103C500001F0B4F9044600F0C7FE0028EFD1E12CD2
:103C600005D0E42C05D0042C18BF0520E8E702207D
:103C7000E6E70320E4E700BF000000000000E643A1
:103C80000023024A1370024A13707047C0070020D5
:103C9000BF070020F8B500237F4E804D337001230D
:103CA0009FED7F0A2B7001F08DF90446074600F066
:103CB0009BFE002840F0DD80E12C00F0C580E42C64
:103CC00000F0CF80042C40F0CE8002232B70FFF751
:103CD0007DFF002840F0CD80FFF7B4F8012800F008
:103CE000C880042800F0B080002840F0AE80032394
:103CF0009FED6C0A32202B70FFF79CFF04460028D2
:103D000040F0B5809FED660AC8202F70FFF792FF44
:103D10000446002840F0AB800D20FFF75FFF04460B
:103D2000002840F0A4800E20FFF758FF044600282A
:103D300040F09D80FFF76CFF0446002840F097801C
:103D400005239FED570AC8202B70FFF773FF044629
:103D5000002840F08C800E20FFF740FF044600282A
:103D600040F085800D20FFF739FF044600287ED102
:103D7000FFF74EFF0446002879D106239FED480A3D
:103D8000C8202B70FFF756FF044600286FD10E2085
:103D9000FFF724FF0446002869D10D20FFF71EFF1E
:103DA0000446002863D1FFF733FF044600285ED1A4
:103DB00007230F202B70FFF711FF0446002856D170
:103DC0000D20FFF70BFF0446002850D1FFF720FF1E
:103DD000044600284BD108239FED330AC8202B70DE
:103DE000FFF728FF0446002841D10F20FFF7F6FE19
:103DF0000446E0BB0D20FFF7F1FE0446B8BBFFF719
:103E000007FF044698BB09239FED270AC8202B70A3
:103E1000FFF710FF044650BB0F20FFF7DFFE0446FC
:103E200028BB0D20FFF7DAFE044600BBFFF7F0FECB
:103E300001281ED0C8B90A2204212A701B4A3070FA
:103E400011703078C0B2F8BD02249FED171AF0EE61
:103E5000410AB0EE410A00F008FD0C232B703470CB
:103E600018E00324F1E70524EFE70724EDE7012C30
:103E7000EBD19FED0D1AF0EE410AB0EE410A00F0D1
:103E8000F4FCFFF7D3FD094B04221A700B232B70AF
:103E9000012333703078D5E7BF070020C00700202A
:103EA000000034430000B44200000000200700205E
:103EB0000F4B70B50446186815460E4E18B901240C
:103EC0003470204670BD0A466423214603F08FF803
:103ED0000446307038B9084A13680133136015B1CD
:103EE00001F0CEFB2860022001F0D0FBE9E700BF23
:103EF000D0070020C8070020CC070020F32307B517
:103F00008DF8013040F2AB1300220621ADF80230EB
:103F100046F601338DF800006846ADF80430FFF72F
:103F2000C7FF03B05DF804FB93B2002AB8BF5B4241
:103F300007B5B8BF9BB241F2F812B8BF81F00101DA
:103F40008DF80000934268468DF802104FF008018A
:103F500028BF1346F6228DF801201A0A8DF8043086
:103F600046F601338DF803200022ADF806308DF8B7
:103F70000520FFF79DFF03B05DF804FB08B5064B75
:103F8000064A186000231360054A137001F078FB9D
:103F9000044B186008BD00BFD0070020CC070020EC
:103FA000C8070020C4070020F7B50220FFF7A6FFCE
:103FB00006460120FFF7A2FF07460320FFF79EFFFA
:103FC0003E4305460420FFF799FF0446354304218C
:103FD000074B00222C430DEB01000193FFF768FF14
:103FE0002043C0B2003818BF012003B0F0BD00BFAD
:103FF00000FF666B07B5074A05211068127900902B
:1040000068468DF80420044AFFF752FF03B05DF8BC
:1040100004FB00BFB0D30008C407002013B504465A
:1040200010B9012002B010BDB0F90020012102201A
:10403000FFF77AFF01460028F3D1B4F902200120EE
:10404000FFF772FF0028ECD10121B4F9042003200E
:10405000FFF76AFF01460028E3D1B4F906200420E7
:10406000FFF762FF0028DCD10421044B044A0DEB6A
:1040700001000193FFF71CFFD4E700BF00FF666B50
:10408000C407002038B50D4B04460A460C4D18688D
:1040900018B901242C70204638BD2146642302F053
:1040A000A6FF044628700028F5D1064A02201368AE
:1040B0000133136001F0EAFAEDE700BFD8070020F2
:1040C00009000020D407002007B50421044B0DEBA4
:1040D00001000193FFF7D6FF03B05DF804FB00BFBA
:1040E00000FF666B054B00221860B0FA80F0044BAD
:1040F00040091A60034B1870704700BFD8070020B2
:10410000D4070020090000200A4B07B518680621D3
:104110009B8800906846ADF80430FFF7B3FF28B1E4
:10412000054B1878C0B203B05DF804FBFFF7CCFF75
:10413000F9E700BF79DA00080900002007B50A4A4C
:10414000052110681279009068468DF80420FFF769
:1041500099FF28B1054B1878C0B203B05DF804FB95
:10416000FFF7B2FFF9E700BF80DA0008090000207E
:1041700001281FB501D801B12BB91A4B012201202A
:104180001A7004B010BD0A246143B1F5803FF4D227
:104190008DF805201A0E8DF80200080A8DF8062009
:1041A0001A0C5BBA4FF605548DF803006846ADF85B
:1041B00008304FF480738DF804100D21ADF80A30EB
:1041C0006B23ADF800408DF807208DF80C30FFF719
:1041D00059FF18B1034B1878C0B2D2E7FFF774FF4C
:1041E000CFE700BF0900002098B170EE607A30EE92
:1041F000200A37EEC17A77EE817A80ED007A30EED0
:10420000017A30EE410AC0ED037A80ED017A80ED4B
:10421000020A7047F0EE404A002861D0B5EEC00AAD
:10422000F1EE10FA5CD990ED006AD0ED016AB5EEBE
:10423000C06AF1EE10FAF5EEC06A4CBFB1EE467AF4
:10424000B0EE467AF1EE10FA4CBFF1EE667AF0EE7F
:10425000667AB4EEE77AF1EE10FA54BFF0EE475A00
:10426000F0EE675A90ED027AB5EEC07AF1EE10FAF0
:104270004CBFF1EE477AF0EE477AF4EEE75AF1EEF2
:1042800010FA54BFB0EE655AB0EE675AD0ED037A1B
:10429000F5EEC07AF1EE10FA4CBFF1EE675AF0EE8F
:1042A000675AB4EEE55AF1EE10FA58BFF0EE455AEF
:1042B000B4EEE50AF1EE10FA12D584EEA50A26EE68
:1042C000006A66EE806A27EE007A67EE807A80EDFB
:1042D000006AC0ED016A80ED027AC0ED037A704792
:1042E000B7EE000A704700000023064A0021136061
:1042F000054A1360054A1170054A1360054A1360A8
:10430000704700BFFC070020F8070020F1070020DD
:104310005408002050080020134B1B7813B3134B94
:10432000134A93ED006A134B1349D3ED007A134BF4
:10433000D1ED006A93ED007A114BD3ED005A13686A
:1043400067EEA57A1060C31A46EE077A9FED0D7AE4
:1043500067EE877A07EE103AB8EE477A47EE876A3B
:10436000C1ED006A704700BFE00700203C08002054
:10437000DC070020380800201C080020EC07002083
:10438000E8070020FCAD803B5D4B2DE9F0412DEDB1
:10439000068B1B78B0EE408A05465A4F5A4E13B131
:1043A0005A4B1B784BB99FED5A0A87ED000A86EDF0
:1043B000000ABDEC068BBDE8F081EFF3108872B601
:1043C000544BD3ED008A01F031F978EEC08A01F048
:1043D00039F90446B8F1000F00D162B6002D00F0A3
:1043E0008480B2EE009A9FED4CAADFED4C9AB5EEB8
:1043F000C08A4B4AF5EE007A4A491378F1EE10FA7A
:10440000494D48BFB1EE488A28EE278A002B73D069
:104410000B689C4228D0E31A581EC7286CD807EEB8
:10442000903A424B9FED426AD3ED006AF8EEE77A8C
:1044300095ED007A78EEE66A66EE866A86EEA76A01
:1044400076EE476A9FED3B6A37EE866AC7EE865A7C
:10445000F0EE477A46EEA57A344BC5ED007AC3ED0F
:10446000008A01230C60137001F00AF9001BF5EEBD
:10447000C08A9FED317AC828DFED306A84BF0023FF
:104480002B60F1EE10FA4CBFF1EE687AF0EE687A2C
:10449000F4EE477ADFED1E7AF1EE10FAB4EEC98A37
:1044A00098BFF0EE678AD5ED007AF1EE10FAB0EE23
:1044B000687A54BFB0EE490AB0EE480A07EEA67A11
:1044C00067EE8A7A47EE297AF4EEC07AF1EE10FAB6
:1044D00008DCB1EE400AF4EEC07AF1EE10FA58BFF3
:1044E000B0EE670AC7ED008A61E79FED15AADFED20
:1044F000159A9FED159A7AE7DFED057AACE700BFD4
:10450000480800205408002050080020F007002030
:10451000000000004C0800209A99593F3333334083
:10452000F1070020F4070020F8070020FC07002016
:1045300000007A44000020429A99193ECDCC4C3DAF
:104540000AD7A33DCDCCEC3F6666A640B5EE400A47
:1045500030B5F1EE10FA87B0054636D1F5EE400AD7
:10456000F1EE10FA40F0F980B5EE401AF1EE10FAD3
:104570004CD1FFF73FFD044600BB7B4B1868FFF7AB
:10458000CBFE0023794A1360794A1360794A13609D
:10459000794A1360794A1360794A1360794A136043
:1045A000794A1360794A1360794A13604FF07E5359
:1045B000784A13603DB9204607B030BDFFF71AFDB9
:1045C0000028DAD0F7E72B60F5E7B5EEC00AF1EE88
:1045D00010FA40F1C280B1EE407AF5EEC00AF1EE79
:1045E00010FA4CBFF1EE607AF0EE607AB4EEE77A42
:1045F000F1EE10FA0AD59FED687AF4EEC77AF1EE83
:1046000010FAC4BFDFED657A21EE271A02A8B1EED9
:10461000411AFFF7E9FD9FED620A02A8002D00F0A4
:104620009F80FFF7F7FD85ED000AB2EE045A9DED7D
:10463000026A524BF6EE005ADDED036A684683EDDE
:10464000006A26EE056A4C4B9DED047AB5EEC06A11
:10465000C3ED006A66EE856A4A4BDDED057AF1EE40
:1046600010FA83ED007AF5EEC06A454B27EE057A25
:10467000A8BF36EE256AC3ED007AB8BF36EE656A8C
:1046800067EE857AF1EE10FAB5EEC07ABDEEC66A35
:10469000ACBF76EEA56A76EEE56AF1EE10FA16EE9C
:1046A000103AF5EEC07AFDEEE66AADF80030ACBF28
:1046B00037EE257A37EE657AF1EE10FA16EE903A7B
:1046C000BDEEC77AADF80230ACBF77EEA57A77EED3
:1046D000E57A17EE103AFDEEE77AADF8043017EE02
:1046E000903AADF80630FFF799FC044600287FF4B5
:1046F00062AF1D4B1868FFF70FFEBDF90050BDF902
:104700000230BDF90400EA18BDF906109FED257AC4
:104710005B1B02440A4407EE902A164AF8EEE77A39
:10472000C7EE876AC2ED006AC2181B1A521A0B4400
:1047300007EE902A0E4AF8EEE77AC7EE876A07EE90
:10474000903A0A4BF8EEE77AC2ED006ADFED166A9E
:1047500087EEA67A83ED007A2DE7B0EE407A3CE74B
:10476000FFF758FD61E700BFC4070020E407002001
:10477000E8070020EC070020280800202C08002073
:1047800020080020240800203008002034080020E1
:10479000500800200C00002017B7D1383333333FC6
:1047A0000000E64300002042000020C2144B10B578
:1047B0002DED028B1A7802F0FF0092B19FED118A65
:1047C0000020114CB0EE481A1870F0EE480AB0EE16
:1047D000480AFFF7BBFE38B1FFF70CFCE2230220CA
:1047E0002370BDEC028B10BD084B01201870042310
:1047F0002370074B83ED008A064B83ED008AF0E7B8
:1048000059080020000000005A0800205808002025
:10481000340800203008002010B52DED028B9FEDEC
:104820000D8A04460020B0EE481AF0EE480AB0EEB9
:10483000480AFFF78BFEFFF7DDFB074B074A1C70AA
:1048400082ED008A064A82ED008A1878BDEC028B60
:1048500010BD00BF000000005A08002034080020EE
:10486000300800200020FFF78FBD0020FFF76EBE4C
:1048700008B54FF4FA7000F097FE58B100F0D6FE7C
:10488000054B012283ED000A044B1A70BDE8084075
:10489000FFF72ABD08BD00BF4C080020F00700202C
:1048A000034B012283ED000A024B1A70FFF71CBD77
:1048B0004C080020F0070020014B93ED000A7047E0
:1048C0004C08002070B5234B002500240E461D70B7
:1048D000214B1C60214B1C60214B1C60FFF74EFBE1
:1048E000304600F01DFD1F4B1C601F4B1D70FFF775
:1048F000FBFC1E4B4FF07E521D701D4B1D601D4B6F
:104900001C601D4B1C601D4B1C601D4B1C601D4B17
:104910001C601D4B1C601D4B1C601D4B1C601D4B07
:104920001C601D4B1A601D4B1C601D4B1C601D4BF9
:104930001C601D4B1C601D4B1C601D4B1C601D4BE7
:104940001D701D4B1D601D4B1D701D4B1D701D4BA3
:104950001D7070BDE0070020EC070020E807002074
:10496000E40700204C080020F00700204808002041
:1049700044080020400800203C080020380800209F
:1049800034080020300800202C08002028080020CF
:1049900024080020200800200C0000201C08002013
:1049A0001808002014080020100800200C0800201F
:1049B0000808002004080020000800205A080020F1
:1049C0005908002058080020014B01221A70704736
:1049D000590800200023024A1370024A13707047DE
:1049E0005908002058080020014B1878704700BF74
:1049F000580800202DE9F04F2DED108B85B0F0EE1A
:104A0000609AB0EE41BA08EE900AB0EE619A15468F
:104A100001910AB100231370DFEDCB7ACB4CB4EED9
:104A2000E70AF1EE10FA2FDBDFEDC9DAB4EEED0A9A
:104A3000F1EE10FA28D89FEDC7CA20EE0C0A80EEDE
:104A40002DAAB0EE4A0A07F0B1FCB0EE408AB0EEF3
:104A50004A0A07F0E3FCF8EE687A9FEDBF7A60EE51
:104A600027BA28EE278A6BEE87BA28EE078A2BEE44
:104A7000AB0A08EE080A07F077FCB5EEC00AF0EEC4
:104A800040AAF1EE10FA09D8E32323702078C4B2CB
:104A9000204605B0BDEC108BBDE8F08F88EE00AA73
:104AA000CBEE808ADFEDADBAB5EEC0AAF1EE10FA1A
:104AB0004CBFF1EE4ACAF0EE4ACAF4EEEBCAF1EE90
:104AC00010FA52DDF5EEC08AF1EE10FA4CBFF1EEAD
:104AD000687AF0EE687AF4EEEB7AF1EE10FACCBF79
:104AE00006230523F5EEC0AAB7EE00DAF1EE10FAC0
:104AF0008DED02DA36DD68EEA87A4AEE0A7AF4EE37
:104B0000EB7AF1EE10FA2DD9F5EEC09AF1EE10FA2B
:104B100028DBDFED937AB4EEE7BAF1EE10FA21DB91
:104B2000DFED907AB4EEE7BAF1EE10FA1AD8DFEDC5
:104B30008E7AF4EEE79AF1EE10FA13D8B4EEE79A13
:104B4000F1EE10FA0ED8B5EEC09AF1EE10FA09DBCC
:104B5000F4EECB9AF1EE10FA04DCB4EEC9BAF1EE41
:104B600010FA04D5E323237051E00523BAE77F4A06
:104B7000F0EE4A0AB0EE680A237092ED008A07F060
:104B8000F1FB20EE2D0A7A4BDFF824A2F3EE04EAC3
:104B9000784AC0EE0C7ADFF81C82774E774FDFED53
:104BA00078DAB1EE68CAB0EE6EEAC3ED007A754B02
:104BB0008AED00AAC3ED008A0023C8ED009AC6ED75
:104BC000009A87ED00DA13606F4BC3ED00AA00F086
:104BD00057FDF5EEC08A6D4B6D4A834618608146DD
:104BE000F1EE10FA4FF00103137058BFB0EE68CA2F
:104BF00000F046FDA0EB0B0300900FEE903A8DED18
:104C000003DAFFF789FBFFF7D1FD834610B1207867
:104C1000C4B28EE0019BDBB19847C8B19FED5D8ABD
:104C20005846B0EE481AF0EE480AB0EE480AFFF7D0
:104C30008DFC40B1FFF7DEF9E223237088ED008A96
:104C400086ED008AE3E70DB101232B700423F4E71E
:104C5000484BF6EE007A93ED007A3AEEC77AB4EE5E
:104C6000E77AF1EE10FA40F25081F2EE047ADFEDCD
:104C70004A6A29EE090AF4EEE7EAF1EE10FAB4EE18
:104C8000EB9A7EFEA77A77EEAEEAF1EE10FAC7EE67
:104C9000267A0ED89FED417AF0EE476A4EEE8E6A84
:104CA000F4EEE67AF1EE10FA4BDD77EEC77A9FED7F
:104CB0003C0A9FED3CFA2FEE0F7ADFF8FCB027EEAE
:104CC0002E7A07EE2E0A3FEE0F7A07EE270A07F03C
:104CD0004BFB0EEECF0AF8EE6FEA9FED337A9BF8AE
:104CE00000302EEE877AB4EEC09AC7EE2D7AF1EE40
:104CF00010FA39FE000A77EEA97AB4EEE7BAF1EEBF
:104D000010FA48BFF0EE4B7AB4EEE70AF1EE10FA73
:104D100054BFF0EE679AF0EE409A002B50D04FF45B
:104D2000FA7000F041FC00284AD1E120FFF774FD41
:104D3000044600F0A5FCFFF7EFFA0023144A1370B5
:104D4000A6E69FED1AFAB6E7000034C35A08002021
:104D500000003443DA0F4940B81E853F17B7D138F9
:104D6000CDCCCC3DFFFF7F7F0000E643E407002071
:104D7000400800201C080020300800200C00002003
:104D800000007A443808002018080020DC070020C2
:104D9000E007002000000000FCAD803B00409C4587
:104DA0000000C8438FC2F53D000016440AD7233DDA
:104DB0003C08002034080020480800200000F04291
:104DC0009BF80030002B53D0F4EECCCAB0EE690A49
:104DD000F1EE10FA4CBF01200020FFF7D5FA60EE8B
:104DE000087AF5EEC07AF1EE10FA55D9B5EEC00AA0
:104DF000F1EE10FAB5EEC08A4CBFF1EE407AF0EE5B
:104E0000407AF1EE10FA4CBFB1EE487AB0EE487A33
:104E1000B4EE677AF1EE10FA30FE088AB4EEC80AF2
:104E20005FED1A7A6EEEA7EAF1EE10FACEEEAD7AE9
:104E300035DD77EE887AB4EEE70AF1EE10FA37FE48
:104E4000800AB5EE008A564B29EE888AB4EEC08AF5
:104E5000F1EE10FA48BFB0EE480AB1EE488AB4EE5F
:104E6000C80AF1EE10FA58BFB0EE408A83ED008A0E
:104E700000F006FC4B4B9AED000A8346D3ED000A86
:104E8000B0EE481A29EE800A03A869EEA00AFFF7DF
:104E90005DFB70B1E22049E79FED438ABEE778EE03
:104EA000677AB4EEE70AF1EE10FA48BFB0EE670A8F
:104EB000C7E700F0E5FB039BC8ED009AA0EB0B00F1
:104EC0003B6009F10A09394B07EE900A93ED007A2D
:104ED000F8EE67EA364BD3ED007A68EEA77A4AEE31
:104EE000077AC6ED007A00F0CBFB0346A9EB000081
:104EF000002804DD00F0CAFBDDF800B078E62D499B
:104F000099460A6801320A60F6E7FFF74FFC00286D
:104F10007FF47DAEB4EEEB9AF1EE10FA0BD89FED74
:104F2000221AF0EE410AB0EE410AFFF70FFB00280B
:104F3000B0D1042317E6204D2B7833B14FF4FA702B
:104F400000F032FB00283FF4F0AE2B7823B3B0EE34
:104F5000490AFFF787FCB0EE401A124B02A89AEDFF
:104F6000000AD3ED000A29EE000A69EE200AFFF7D5
:104F7000EDFA00288ED1029B88ED009A3B600B4B26
:104F8000D3ED007A0A4B93ED007A68EE878A4AEEF9
:104F9000278AC6ED008A3AE69FED031ADDE700BFD7
:104FA000500800203808002000000000EC07002016
:104FB000E80700204408002048080020002211468D
:104FC000FFF718BDB5EEC00A2DE9F04FF1EE10FA6B
:104FD000A74C2DED048BB0EE408A85B00CD408D9D7
:104FE000F0EE407A9FEDA37AF4EEC77AF1EE10FA74
:104FF00005DDE323237056E0F1EE407AF2E74FF44B
:10500000FA7000F0D1FA08B9E123F3E700F00EFBE3
:1050100078EE007A0723DFF89082DFF89092DFF8CD
:1050200090A223700023C8ED007A934D89ED000A09
:10503000924F8AED008A924E9FED928A9FED929A4E
:1050400085ED008A3B703360FFF74EF98F4B4FF0D0
:105050007E52DFED8F8A83ED008A8E4B83ED008ACE
:105060008D4B1A6000F00CFB8346019000F008FBAA
:105070004FF07E530393019BC01A3060FFF796FBFD
:10508000C0B14FF4FA7000F08FFA08B1FFF7F0FBEF
:10509000002388ED008A89ED008A8AED008A85ED7B
:1050A000008A3B7033602078C0B205B0BDEC048B41
:1050B000BDE8F08F4FF4FA7000F076FA48B9E120BD
:1050C00085ED008A05B0BDEC048BBDE8F04FFFF71D
:1050D000A3BB326842F20F739A4206D9E42085EDF1
:1050E000008AFFF799FB2070CBE700F09FFA89ED6B
:1050F000000AD8ED006AD9ED007A76EEE76AF5EE9F
:10510000C06ACAED006AF1EE10FA4CBFB1EE667AE1
:10511000B0EE667AB4EEC97AF1EE10FA34D89FEDAB
:10512000591A03A885ED008AF0EE410AB0EE410A53
:10513000FFF70CFA60B1E220FFF76EFB20704FF42E
:10514000FA7000F031FA0028ADD0FFF791FBAAE722
:10515000039A514B1A60494A13780133DBB213703A
:105160001378042B71D998ED000AFFF799FB434A95
:1051700088ED008A042389ED008A8AED008A85ED96
:10518000008A1070306035E7F3EE0E7A00233B7032
:10519000B4EEE77AF1EE10FA4EDAB2EE046AF1EE0E
:1051A000047AB4EEC67AF1EE10FAA5BF37EE467A6D
:1051B000F3EE045AC7EE065A87EE256AAABF9FEDA2
:1051C000377A65EEA77A46EE077A3368F92B36D838
:1051D00096ED006ADFED325AB8EE466A86EE257A21
:1051E00027EE287AF4EEC77AB3EE006AF1EE10FAF1
:1051F000B4EEC67A77FE277AF1EE10FA06DBF4EE0B
:10520000C67AF1EE10FA48BFF0EE467AF5EEC06AC3
:10521000DFED1C0A03A8B0EE600AF1EE10FAD8BF69
:10522000F1EE677AC5ED007A95ED001AFFF78EF979
:1052300040B185ED008A7EE7F0EE687AC5E7B0EE12
:10524000687ACFE7039A144B1A600BF10A0B00F04F
:1052500017FA0346ABEB0000002802DD00F016FA57
:1052600004E710499B460A6801320A60FEE600BF67
:105270005A0800200000B443080800200408002059
:105280000008002000000000CDCC4C3F3408002076
:105290000000C842300800200C0000200000BE4280
:1052A00000007A4344080020140800201008002061
:1052B0000C08002038B54FF4FA60154C00F086F960
:1052C00030B9D0232370FEF795FE2078C0B238BDE8
:1052D000104D01232B70FEF767FE10B1E2232370FF
:1052E000F3E74FF4FA7000F0D1F92B7803F0FF02E6
:1052F0004BB100F083F99FED080AFFF7D1FA642063
:1053000000F0C4F9E1E7054B1A70FEF7EDFFF6E790
:105310005A0800204808002000000000F007002084
:105320000023174A174910B41370174A0860137006
:10533000EFF3108072B60022144C2260144C2260ED
:10534000144C2260144C2260144C2260144A1370D6
:10535000144A1370144A1360144A1360144A1360F9
:10536000144A136000B962B6086828B101221249D4
:105370005DF8044B01F046BF5DF8044B704700BF79
:105380008908002098080020880800207C08002058
:10539000780800207408002070080020840800208D
:1053A000800800206C0800206808002064080020A5
:1053B000600800205C080020950800200C4B1B684A
:1053C00010B48BB183420FD100220A4908240A701D
:1053D00009490A7019680C62C3F884200122074940
:1053E0005DF8044B01F00EBF5DF8044B704700BF41
:1053F00098080020890800208808002095080020CF
:105400004C4A136870B501334B4D13602B7843B988
:10541000552805D1494B4A4A1870012313702B7047
:1054200070BD012B464C0CD1532804D1434B58700E
:1054300002232370F3E7552852D1404A107023709D
:10544000EEE721783D4B4A1C5854D2B20A2A22700A
:10545000E6D918460A21002210F8016B01393244BE
:1054600011F0FF01D2B2F7D1997A91425FD1B3F92D
:1054700004209FED346A07EE902AB3F90620B3F9B1
:10548000023007EE102AF8EEE77A06EE903A2E4B3D
:10549000B8EEC77A2D49F8EEE66A2D4A67EE867AAD
:1054A000087827EE067A66EE866AC3ED006A294B15
:1054B000C3ED007A284B83ED007A284B98B983ED31
:1054C000007A0023136001230B70254B01221A7010
:1054D00000F0D6F8234B244A186013680133136098
:1054E00000232B70ABE7D3ED007ADFED206A77EE77
:1054F000677AF4EEE67AF1EE10FA0CDDDFED1C6A65
:1055000077EEE67AD2ED006A83ED007A76EEA77A3E
:10551000C2ED007AD9E7DFED176AF4EEE67AF1EE34
:1055200010FA44BFDFED126A77EEA67AEAE7124A74
:10553000D3E700BF60080020890800208A08002007
:10554000880800200000B43B7C0800208008002070
:1055500070080020780800207408002084080020CB
:105560006C08002068080020640800200000344314
:105570000000B443000034C35C08002038B5084C78
:10558000236863B183420AD1064D2878FFF738FFBC
:10559000294620680122BDE8384001F033BE38BDFD
:1055A000980800209508002038B5074B05461C6870
:1055B0003CB100F065F8001BA8428CBF0020012020
:1055C00038BD2046FCE700BF6808002070B50446DF
:1055D000094E00F055F8054600F052F8431BA3426F
:1055E00001D3002070BD33681BB9052000F04EF8D0
:1055F000F2E70120F6E700BF68080020EFF3108310
:1056000072B6064A1168064A11600021054A116007
:105610000121054A117003B962B670477408002071
:10562000840800207008002080080020EFF3108319
:1056300072B6034A92ED000A03B962B6704700BF22
:1056400070080020014B1868704700BF68080020F0
:1056500008B5032000F02CF80F20FBF7B3FFFBF791
:1056600093FF002008BD0000034A044B11681B781B
:105670000B441360704700BF9C08002010000020FE
:10568000014B1868704700BF9C08002038B50446DD
:10569000FFF7F6FF0546631C1EBF044B1B78E4189A
:1056A000FFF7EEFF431BA342FAD338BD10000020E2
:1056B00007490302CA6803F4E06322F4E0621204BB
:1056C000120C134343F0BF6343F40033CB607047C5
:1056D00000ED00E0164B30B5DC68C4F30224C4F1E1
:1056E0000703251D042B28BF0423062D4FF0FF358B
:1056F0008CBF033C002405FA03F3002805FA04F5E7
:1057000021EA030322EA050203FA04F343EA02034F
:105710004FEA0313DBB206DB00F1604000F56140A5
:1057200080F8003330BD00F00F00024A1354F9E74F
:1057300000ED00E014ED00E0002807DB4109012343
:1057400000F01F00024A834042F82130704700BF3A
:1057500000E100E0BFF35F8F044B5A6A22F480320D
:105760005A620022C3F89420704700BF00ED00E0A9
:10577000064B40F00100C3F894005A6A42F48032AC
:105780005A62BFF34F8FBFF36F8F704700ED00E099
:105790004378144AC2F89830D2F8A03023F00103BD
:1057A000C2F8A0304368C2F89C30C37A017B1B0664
:1057B00043EA017301780B43817A43EAC143417B99
:1057C00043EA8143817B43EA4143C17B43EA01438E
:1057D000417A43EA0123017A43EA4103C2F8A03047
:1057E000704700BF00ED00E070B50446866DFFF71E
:1057F00047FF054694F83530022B06D08023012060
:105800006365002384F8343070BD23681A6822F081
:1058100016021A605A6922F080025A61226C0AB993
:10582000A26C1AB11A6822F008021A601A6822F0F3
:1058300001021A602368186810F0010007D1E26DB8
:105840003F239340B360012384F83530D9E7FFF755
:1058500017FF401B0528EDD920230320636584F83A
:105860003500CEE790F83530022B03D08023436516
:10587000012070470268052380F835300020136846
:1058800023F00103136070472DE9F74F0023DFF881
:10589000BC916C4A01240D689C4004EA0506AC43A7
:1058A00040F0B7804D6803274FEA430E05F003042C
:1058B00007FA0EFC671E6FEA0C0C012F34D88768BC
:1058C00007EA0C08CF6807FA0EF747EA080787606F
:1058D000476827EA0608C5F300179F4047EA08070C
:1058E0004760C768022C07EA0C088F6807FA0EF7B2
:1058F00047EA0807C76019D14FEAD30803F0070A3F
:105900004FF00F0B00EB88084FEA8A0AD8F8207096
:105910000BFA0AFB27EA0B0B0F6907FA0AF747EAAB
:105920000B07C8F8207001E0032CDAD1076804FAED
:105930000EF415F4403F07EA0C0744EA070404603C
:1059400067D0D9F8444023F0030703F0030C4FF06D
:105950000F0E44F4804407F180474FEA8C0CC9F8DD
:10596000444007F59C37D9F844400EFA0CFE04F485
:1059700080440194019CBC6824EA0E0E324CA04283
:105980004ED004F58064A0424CD004F58064A0425F
:105990004AD004F58064A04248D004F58064A04257
:1059A00046D004F58064A04244D004F58064A0424F
:1059B00042D004F58064A04240D004F58064A04247
:1059C0003ED004F58064A04214BF0A24092404FADE
:1059D0000CF415F4801F44EA0E04BC606FEA06075D
:1059E00094680CBF3C40344315F4001F9460D468A5
:1059F0000CBF3C40344315F4003FD46054680CBFE6
:105A00003C403443ED035460146854BF3C4034437D
:105A100014600133102B7FF43DAF03B0BDE8F08F6D
:105A20000024D4E70124D2E70224D0E70324CEE700
:105A30000424CCE70524CAE70624C8E70724C6E700
:105A40000824C4E7003C0140000002400038024046
:105A500000690840003818BF01207047194B37B55E
:105A60001A6C194C42F080521A641B6C03F080537C
:105A70000193019B236843F480332360FFF700FE0A
:105A800005466368DA030CD523680F4D43F40033F1
:105A90002360FFF7F5FD04466B689B030AD50020E1
:105AA00006E0FFF7EDFD401BB0F57A7FE9D9032052
:105AB00003B030BDFFF7E4FD001BB0F57A7FEBD9F2
:105AC000F5E700BF00380240007000402DE9F341C7
:105AD000044640B30368DE0710D423689D0761D4F1
:105AE0002368190700F1A68023685A0700F1C780D0
:105AF000A269002A40F0308100202CE0944B9A6883
:105B000002F00C02042A07D09A6802F00C02082A5C
:105B10000BD15B68590208D58D4B1B689A03DCD505
:105B20006368002BD9D1012015E06368884DB3F577
:105B3000803F13D12B6843F480332B60FFF7A0FD27
:105B4000834E054633689B03C7D4FFF799FD401B7E
:105B50006428F7D9032002B0BDE8F0819BB92B6817
:105B600023F480332B602B6823F480232B60FFF712
:105B700087FD06462B689F03AFD5FFF781FD801B8D
:105B80006428F7D9E6E7B3F5A02F2B6803D143F4D7
:105B900080232B60CEE723F480332B602B6823F423
:105BA0008023CAE76A4B9A6812F00C0F07D09A68F4
:105BB00002F00C02082A11D15B685D020ED4644A1F
:105BC0001368990702D5E368012BACD113682169EA
:105BD00023F0F80343EAC103136081E7E3685C4DF7
:105BE000BBB12B6843F001032B60FFF749FD06466C
:105BF0002B689B0707D52B68226923F0F80343EA3B
:105C0000C2032B606CE7FFF73BFD801B0228EFD936
:105C1000A0E72B6823F001032B60FFF731FD064658
:105C20002B689F077FF55CAFFFF72AFD801B0228DA
:105C3000F6D98FE76369464D83B16B6F43F001037B
:105C40006B67FFF71DFD06466B6F9B073FF54CAF7B
:105C5000FFF716FD801B0228F6D97BE76B6F23F058
:105C600001036B67FFF70CFD06466B6F9F077FF51F
:105C70003BAFFFF705FD801B0228F6D96AE7344BDE
:105C80001A6CD50027D41A6C012742F080521A648E
:105C90001B6C03F080530193019B2E4D2B68D8059C
:105CA0001BD5A3682A4D012B27D12B6F43F001038D
:105CB0002B6741F28838FFF7E3FC254E0546336F2A
:105CC0009A073FD5002F3FF413AF214A136C23F0FE
:105CD000805313640CE70027DFE72B6843F48073DD
:105CE0002B60FFF7CDFC06462B68D905D9D4FFF70A
:105CF000C7FC801B6428F7D92CE7ABB92B6F41F2A6
:105D0000883823F001032B672B6F23F004032B67E4
:105D1000FFF7B6FC06462B6F9B07D3D5FFF7B0FC09
:105D2000801B4045F7D915E7052B2B6F03D143F0B6
:105D300004032B67B9E723F001032B672B6F23F0D4
:105D40000403B5E7FFF79CFC401B4045B7D901E7CA
:105D50000038024000700040384DAB6803F00C037F
:105D6000082B41D02B68022A23F080732B602ED1A0
:105D7000FFF786FC06462B68990122D4A36A5B08CC
:105D80005A1ED4E907310B4343EA0243626A43EAED
:105D90008213E26A43EA026343F000536B602B68AC
:105DA00043F080732B60FFF76BFC244D04462B6897
:105DB0009A013FF5A1AEFFF763FC001B0228F6D95C
:105DC000C8E6FFF75DFC801B0228D4D9C2E6FFF7C6
:105DD00057FC04462B689B017FF58EAEFFF750FC05
:105DE000001B0228F6D9B5E6012A6B683FF49BAE8A
:105DF00003F48002E1698A427FF495AE03F03F022A
:105E0000216A8A427FF48FAE47F6C072616A1A40F7
:105E1000B2EB811F7FF487AEA26A03F440315208CF
:105E2000013AB1EB024F7FF47EAEE26A03F0706399
:105E3000B3EB026F14BF012000208CE60038024053
:105E4000134908B58B6803F00C03042B1BD0082BF7
:105E50001BD14A684B68496802F03F0213F4800383
:105E6000C1F388111ABF0B4800230B48A1FB0001A6
:105E7000FAF724FE064B5B68C3F3014301335B0072
:105E8000B0FBF3F008BD0348FCE70348FAE700BFA6
:105E90000038024000127A000024F4002DE9F0419D
:105EA0000D46044610B90120BDE8F081454A13684B
:105EB00003F00F038B4228D321688F0730D4C80723
:105EC00043D4404A136803F00F03AB4266D82268FC
:105ED00051076FD4130707D53B4A2169936823F410
:105EE000604343EAC1039360FFF7AAFF364B374A8A
:105EF0009B68C3F30313D35CD840354B1860354B14
:105F00001868FBF75FFB0020CEE7136823F00F0350
:105F10000B431360136803F00F038B42C3D1CBE72D
:105F200011F0040F284B03D09A6842F4E0529A60B3
:105F30000E0703D59A6842F460429A609A68A06896
:105F400022F0F00202439A60B9E761681E4B012912
:105F50001A681BD112F4003FA5D09A6841F2883824
:105F6000194F22F003020A439A60FFF789FB0646A5
:105F7000BB68626803F00C03B3EB820FA1D0FFF79C
:105F80007FFB801B4045F3D903208DE7022902D116
:105F900012F0007FE0E712F0020FDDE7136823F054
:105FA0000F032B431360136803F00F03AB427FF41E
:105FB0007AAF8CE70449E0688B6823F4E05303432D
:105FC0008B6087E7003C024000380240CCDC0008D0
:105FD0000000002014000020044B054A9B68C3F316
:105FE0008223D35C034A1068D840704700380240CF
:105FF000C4DC000800000020044B054A9B68C3F382
:106000004233D35C034A1068D840704700380240DE
:10601000C4DC0008000000200F2303600B4B9A68CB
:1060200002F0030242609A6802F0F00282609A680D
:1060300002F4E052C2609B68DB0803F4E0530361A2
:10604000034B1B6803F00F030B60704700380240DE
:10605000003C02402DE9F7430268044612F00103B8
:106060000BD0AD498B6823F400038B60636B8868A9
:106070001843B3FA83F35B09886012F4002612D048
:10608000A548E66BD0F88C10B6F5801F21F44011BE
:1060900008BF012341EA060116BFB6FA86F60026BC
:1060A0007609C0F88C10D50211D59B4D206CD5F81F
:1060B0008C10B0F5800F21F4400141EA0001C5F8D1
:1060C0008C1000F08681002808BF46F00106C2F35C
:1060D0000067900647EA030731D58F4B8F4D1A6C46
:1060E00042F080521A641B6C03F080530193019BB1
:1060F0002B6843F480732B60FFF7C2FA80462B684D
:10610000D90540F16881844D2B6F13F4407340F042
:106110006D81236B03F44072B2F5407F7E4A40F0FC
:106120008B81916823F0704021F4F81120F44070C5
:1061300001439160C3F30B03116F0B431367256891
:10614000E8060CD5744BD3F88C2022F08072C3F88B
:106150008C20D3F88C20A16B0A43C3F88C206904EF
:1061600008D56D4A616ED2F8903023F440330B436A
:10617000C2F890302A0408D5674AA16ED2F8903050
:1061800023F440230B43C2F89030EB0308D5624A56
:10619000E16ED2F8903023F440130B43C2F89030F4
:1061A000A80308D55C4A216FD2F8903023F440034D
:1061B0000B43C2F89030690608D5574A616CD2F893
:1061C000903023F003030B43C2F890302A0608D521
:1061D000514AA16CD2F8903023F00C030B43C2F863
:1061E0009030EB0508D54C4AE16CD2F8903023F0A2
:1061F00030030B43C2F89030A80508D5464A216DFC
:10620000D2F8903023F0C0030B43C2F890306905F8
:1062100008D5414A616DD2F8903023F440730B43A6
:10622000C2F890302A0508D53B4AA16DD2F89030CB
:1062300023F440630B43C2F89030EB0408D5364A90
:10624000E16DD2F8903023F440530B43C2F8903004
:10625000A80408D5304A216ED2F8903023F4404388
:106260000B43C2F89030690208D52B4AA16FD2F8CF
:10627000903023F080630B43C2F89030AA020DD512
:106280002549E26FD1F89030B2F1006F08BF46F0B7
:10629000010623F000631343C1F890306B0308D567
:1062A0001D4A616FD2F8903023F040730B43C2F85F
:1062B0009030280209D5184AD4F88010D2F89030CE
:1062C00023F080530B43C2F89030002F40F0B88089
:1062D000A90100F1B580C5F3C0053543012D76D184
:1062E0000D4D2B6823F080532B60FFF7C9F906464C
:1062F0002B689F0000F12A8121680E0301D5E36B12
:106300001BB1CD0223D5236C0BBB034AD2F88830D6
:10631000D2F8880004E000BF00380240007000405E
:1063200003F4403300F0E0400343606943EA801324
:10633000A06943EA0063C2F88830D2F88C30A06AC2
:1063400023F4F853013843EA0023C2F88C30880262
:1063500015D5E36FB3F1006F11D1834AD2F88830BD
:10636000D2F8880003F0706300F0E04003436069F6
:1063700043EA8013206A43EA0043C2F888300A07E0
:1063800019D57949D1F88820D1F8883002F07062A7
:1063900003F440331343626943EA8213E26943EA38
:1063A0000273C1F88830D1F88C30E26A23F44033AC
:1063B0001343C1F88C306C4C236843F08053236046
:1063C000FFF75EF9054623689B0040F1C680002078
:1063D00009E001237BE6FFF753F9A0EB08006428EE
:1063E0007FF68DAE032003B0BDE8F083226B02F48C
:1063F000407293423FF48DAE2B6F2A6F23F44073AB
:1064000042F480322A672A6F22F480322A672B678F
:106410002B6FDA077FF57DAEFFF732F941F288394D
:1064200080462B6F9B073FF574AEFFF729F9A0EB71
:1064300008004845F5D9D5E7916821F4F81178E6C8
:10644000494F3B6823F080633B60FFF719F98046B2
:106450003B681A0173D42268D30712D5636B83B9E2
:10646000D7F88430D7F8841003F4403301F070611A
:106470000B43616843EA8113A16843EA0173C7F8DB
:106480008430170303D5E36BB3F5801F05D0D0022A
:106490001ED5236CB3F5800F1AD13349D1F884305F
:1064A000D1F8840003F4403300F0E0400343606817
:1064B00043EA8013E06843EA0063C1F88430D1F80E
:1064C0008C00636A20F01F00013B0343C1F88C304D
:1064D000D10111D52449D1F88430D1F8840003F0DA
:1064E000706300F0E0400343606843EA8013206972
:1064F00043EA0043C1F8843092010DD523696268F4
:106500001B0443EA8213E26843EA0263A26843EA97
:106510000273154AC2F88430134F3B6843F080631E
:106520003B60FFF7ADF880463B681B013FF5D3AEFB
:10653000FFF7A6F8A0EB08006428F5D952E7FFF7AB
:106540009FF8A0EB0800642882D94BE7FFF798F882
:10655000801B64287FF6CCAE44E7FFF791F8401B20
:1065600064287FF630AF3DE70038024070470000F6
:1065700090F83D30012B33D1022380F83D30036881
:10658000DA6842F00102DA60164A93421AD0B3F197
:10659000804F17D0A2F57C42934213D002F580625F
:1065A00093420FD002F5806293420BD002F57842FD
:1065B000934207D002F57052934203D0A2F5943271
:1065C000934207D19968084A0A40062A06D0B2F5D4
:1065D000803F03D01A6842F001021A600020704721
:1065E000012070470000014007000100704770471C
:1065F00070477047036870B5DD6804461E69B207CE
:106600000DD5A9070BD56FF002021A61012202779E
:106610009B699A0775D0FFF7EAFF0023237773077A
:1066200010D568070ED523686FF0040220461A6162
:10663000022222779B6913F4407F68D0FFF7D7FFCF
:106640000023237731070FD52A070DD523686FF074
:10665000080220461A6104222277DB699B075CD07E
:10666000FFF7C5FF00232377F10610D5EA060ED504
:1066700023686FF0100220461A6108222277DB6936
:1066800013F4407F4FD0FFF7B2FF00232377F307C7
:1066900008D5E80706D523686FF0010220461A6185
:1066A000FAF7ECFB16F4025F08D0290606D523683A
:1066B0006FF4025220461A6100F0C1F8F20508D5C5
:1066C0002B0606D523686FF4807220461A6100F00D
:1066D000B7F8700608D5690606D523686FF0400242
:1066E00020461A61FFF785FFB20622D5AB0620D5FA
:1066F00023686FF0200220461A61BDE8704000F068
:106700009DB8FFF773FF2046FFF772FF85E7FFF79D
:106710006DFF2046FFF76CFF92E7FFF767FF20460B
:10672000FFF766FF9EE7FFF761FF2046FFF760FF78
:10673000ABE770BD274A0368904212D0B0F1804F9A
:106740000FD0A2F57C4290420BD002F580629042BD
:1067500007D002F58062904203D002F57842904261
:1067600008D123F070034A68134323F44073CA68C6
:10677000134316E0184A9042F7D002F58062904227
:10678000F3D002F580629042EFD0A2F598329042A9
:10679000EBD002F580629042E7D002F58062904231
:1067A000E3D04A6923F0800313438A68C2620A680F
:1067B0008262084A904203D002F58062904201D181
:1067C0000A690263026842F0040202600122426127
:1067D00003607047000001400040014010B50446CE
:1067E00050B390F83D3003F0FF021BB980F83C2015
:1067F000FFF7BCFE02232068211D84F83D30FFF71F
:1068000099FF0123002084F8483084F83E3084F852
:106810003F3084F8403084F8413084F8423084F8C6
:10682000433084F8443084F8453084F8463084F8A6
:10683000473084F83D3010BD0120FCE770477047B9
:106840007047026852E8003F23F4907342E8003139
:1068500002680029F5D102F1080353E8003F23F054
:10686000010302F1080C4CE800310029F3D1036E5A
:10687000012B07D152E8003F23F0100342E800311A
:106880000029F7D12023C0F88030002303668366F7
:106890007047704708B5806B0023A0F85A30FBF7AB
:1068A000E7FD08BD70470000036870B5DA6940F67F
:1068B0000F061968044632429D680BD1960640F1D6
:1068C00088808D0640F18580836E002B7BD0BDE8EB
:1068D0007040184705F00100964D0D40054378D0F3
:1068E000D60709D5CD0507D501251D62D4F88450FA
:1068F00045F00105C4F88450960708D538B1022543
:106900001D62D4F8845045F00405C4F8845055073E
:1069100008D538B104251D62D4F8845045F002052D
:10692000C4F8845016070BD501F02005054307D0A5
:1069300008201862D4F8840040F00800C4F88400ED
:1069400015050AD5480108D54FF400601862D4F83F
:10695000843043F02003C4F88430D4F88430002B12
:1069600031D0920605D58B0603D5A36E0BB1204618
:10697000984726682046D4F88420B36802F028029D
:1069800003F0400353EA02051ED0FFF75AFFB36835
:106990005E0615D5226802F1080353E8003F23F094
:1069A0004003083242E800310029F3D1606F38B16A
:1069B000614B0365FEF756FF28B1606F036D86E7F4
:1069C0002046FBF755FD70BDFBF752FDC4F884501F
:1069D000F9E7206E012840F08D80D50640F18A80CD
:1069E000C80640F187801022B4F858101A629A68DD
:1069F000520651D5606F0268526892B2002A42D0A6
:106A0000914240D9A4F85A20C269B2F5807F2ED0B5
:106A100053E8002F22F4807243E800210029F7D1C7
:106A200003F1080252E8002F22F0010203F10800EE
:106A300040E800210029F3D103F1080252E8002FB9
:106A400022F0400203F1080040E800210029F3D1C0
:106A50002022C4F88020216653E8002F22F0100283
:106A600043E800210029F7D1606FFEF7BDFE022345
:106A7000B4F858106366B4F85A30C91A89B220467F
:106A8000FFF710FF9FE791429DD1C369B3F5807F67
:106A900099D102236366F2E7B4F85A20B4F85A0099
:106AA00092B280B200288ED0891A89B200298AD089
:106AB00053E8002F22F4907243E800200028F7D119
:106AC00003F1080252E8002F22F0010203F1080549
:106AD00045E800200028F3D12022A066C4F88020D9
:106AE000206653E8002F22F0100243E8002000281F
:106AF000F7D1CEE7160607D50D0605D5E36E002BB8
:106B00003FF461AF2046E2E650067FF55CAF4A06EF
:106B10007FF559AF53E8002F22F0400243E80021EF
:106B20000029F7D120232046E166E367FFF7B1FE95
:106B300049E700BF2001000495680008D0F88020D4
:106B4000222A08B5036854D15B6AB0F85C10426D24
:106B50000B401370436D01334365B0F85A30013B6D
:106B60009BB2A0F85A30B0F85A309BB2002B3FD1FC
:106B7000026852E8003F23F4907342E80031036852
:106B80000029F5D103F1080252E8002F22F001029A
:106B900003F1080C4CE800210029F3D12022816682
:106BA000C0F8802041665A68110205D4026E012A9D
:106BB0000BD0FBF74BFC1BE053E8002F22F0806268
:106BC00043E800210029F7D1F0E70022026653E8EC
:106BD000002F22F0100243E800210029F7D1DA69E2
:106BE000D20601D510221A62B0F85810FFF75AFEEB
:106BF00008BD9A6942F008029A61F9E7D0F880204E
:106C0000222A08B5036851D1596AB0F85C201140B6
:106C1000426D22F8021B4265B0F85A20013A92B246
:106C2000A0F85A20B0F85A2092B2002A3DD153E879
:106C3000002F22F4907243E800210029F7D103F1DC
:106C4000080252E8002F22F0010203F1080C4CE880
:106C500000210029F3D120228166C0F880204166FE
:106C60005A68110205D4026E012A0BD0FBF7EEFB25
:106C70001BE053E8002F22F0806243E80021002946
:106C8000F7D1F0E70022026653E8002F22F010024D
:106C900043E800210029F7D1DA69D20601D5102294
:106CA0001A62B0F85810FFF7FDFD08BD9A6942F06E
:106CB00008029A61F9E7000038B50446C069216905
:106CC000A26823680A4361691D680A436E4902434A
:106CD0002940256A0A43E1681A605A6822F4405242
:106CE0000A435A60A26999682A4321F430610A4331
:106CF0009A60664A934213D1654BD3F8903003F003
:106D00000303022B00F0A580032B00F09C80012BD5
:106D100067D0B0F5004F00F09080FFF76DF912E0FA
:106D20005C4A934226D15A4BD3F8903003F00C03BF
:106D3000082B00F08E8016D8002B52D1B0F5004FF2
:106D400076D0FFF749F9002875D0626800EB52034E
:106D5000B3FBF2F34FF6EF72A3F11001914204D8A6
:106D60002268D36067E00C2B6DD001200023C4E9BA
:106D70001A3338BD484A934209D1454BD3F8903075
:106D800003F03003202B64D0D6D9302BECE7434AF4
:106D9000934209D13E4BD3F8903003F0C003802BCF
:106DA00057D0C9D9C02BDFE73D4A93420BD1384BAE
:106DB000D3F8903003F44073B3F5007F49D0BBD9CA
:106DC000B3F5407FD0E7374A934213D1304BD3F825
:106DD000903003F44063B3F5006F3AD007D8002B2E
:106DE00097D0B0F5004F2BD1FFF72AF822E0B3F58A
:106DF000406FB9E72C4A93420BD1254BD3F8903022
:106E000003F44053B3F5005F23D095D9B3F5405F49
:106E1000AAE7264A9342A8D11D4BD3F8903003F439
:106E20004043B3F5004F14D086D9B3F5404F9BE7EC
:106E3000FFF7D2F890B9002098E7FFF7DDF8F9E7FF
:106E4000FEF7FEFF7FE7B0F5004F07D04FF400409C
:106E50007BE7B0F5004F16487FF477AF62685308C0
:106E600003EB4003B3FBF2F34FF6EF72A3F1100113
:106E700091423FF67AAF23F00F02C3F34203216839
:106E800092B21343CB60D6E7F369FFEF00100140E5
:106E9000003802400044004000480040004C0040E0
:106EA000005000400014014000780040007C004089
:106EB0000024F400436A1A0710B506D50168446B34
:106EC0004A6822F4004222434A60DC0706D5016882
:106ED000846A4A6822F4003222434A60990706D540
:106EE0000168C46A4A6822F4803222434A605A0721
:106EF00006D50168046B4A6822F4802222434A6066
:106F0000DC0606D50168846B8A6822F4805222432D
:106F10008A60990606D50168C46B8A6822F400521B
:106F200022438A605A0610D50168046C4A68B4F599
:106F3000801F22F4801242EA04024A6005D14A68A6
:106F4000446C22F4C00222434A601B0606D5026844
:106F5000816C536823F400230B43536010BD2DE96B
:106F6000F843DDF8209004460D46174698462268FF
:106F7000D36935EA03030CBF01230023BB4201D0D0
:106F8000002022E0B9F1FF3FF2D0FEF779FBA0EB41
:106F90000800484529D8B9F1000F26D021680B68B0
:106FA0005A07E4D5802DE2D0402DE0D0CE6916F00E
:106FB00008060CD0082520460D62FFF742FC00238E
:106FC0000120C4F8845084F87830BDE8F883CB6998
:106FD0001B05CCD54FF4006320460B62FFF731FC54
:106FE000202384F87860C4F884300320EDE72DE98D
:106FF000F7439846C36F04460E46202B174643D1ED
:10700000002943D0002A41D021230025C0F8845014
:10701000C367FEF735FBA3688146A4F85070B3F54B
:10702000805FA4F8527003D123690BB935461E4620
:10703000B4F852204B46CDF8008092B23AB94021C4
:107040002046FFF78CFF202340B9E36708E00022C9
:1070500080212046FFF783FF28B120230320E36728
:1070600003B0BDE8F08322685EB935F8023BC3F394
:1070700008039362B4F85220013A92B2A4F8522065
:10708000D6E716F8013BF4E70220E9E70120E7E73D
:1070900037B500250446C0F88450FEF7F1FA22689F
:1070A0000346126812071AD56FF07E424FF40011A2
:1070B000204600922A46FFF752FF80B1226852E82C
:1070C000003F23F0800342E800310029F6D120235D
:1070D0000320E367002384F8783003B030BD202319
:1070E0000020E367C4F8803020666066F2E710B5E0
:1070F000044640B3C36F1BB980F87830FAF736F80E
:1071000024232268E367136823F001031360636A92
:1071100013B12046FFF7CEFE2046FFF7CDFD012834
:1071200011D0236820465A6822F490425A609A6827
:1071300022F02A029A601A6842F00102BDE810406B
:107140001A60FFF7A5BF012010BD0000A0F858206D
:107150000023A0F85A2082684165B2F5805F8366FB
:107160002CD10369002B40F2FF1318BFFF23A0F8B6
:107170005C300023C0F884302223C0F880300268DD
:1071800002F1080353E8003F43F00103083242E8EC
:10719000003102680029F2D181680369B1F5805F8E
:1071A00027D1DBB1154B836652E8003F43F490735F
:1071B00042E800310029F7D1002070472AB903695D
:1071C000002B0CBFFF237F23D1E7B2F1805FCED12C
:1071D0000369002B0CBF7F233F23C8E7084B83665E
:1071E00052E8003F43F0200342E800310029F7D184
:1071F000E2E702498166002BF2D0D5E73D6B00083B
:10720000FD6B000838B5D0F88030202B13D1A1B128
:107210009AB100230468036663681B0207D554E82B
:10722000003F43F0806344E80035002DF7D1FFF7BD
:107230008DFF002038BD0220FCE70120FAE700F1B5
:1072400008034FF0FF3243600361C0E902230023CB
:107250000360704700230361704743689A684B607E
:107260008A60516099600368086101330360704768
:1072700030B50C68631C0AD103695A684A60916092
:107280008B605960036808610133036030BD00F111
:107290000802134652681568A542FAD9EDE703695A
:1072A000D0E901128A6051605968814208BF5A6072
:1072B000002202611A68013A1A601868704710B516
:1072C000044601F00FFCA46B01F030FCB4FA84F02A
:1072D000400910BD70B51646026C0446856B42B974
:1072E00006689EB9806800F0ABFFA6600135A56313
:1072F00070BD6EB9406802F0A6FF6368226C13444B
:10730000A2689342636024BF236863600020EDE7B6
:10731000C06802F098FF226CE36851429B1A226811
:107320009342E3603EBFA3685B18E360022EEDD199
:107330000DB1013DEAE72846D8E7034608461A6C36
:1073400010B45AB1DC68A1189C68A142D9605DF8FC
:10735000044B24BF1968D96002F075BF5DF8044B77
:10736000704770B5044601F0BDFB94F8455004F138
:1073700024066DB2002D01DD636AB3B9FF2304F169
:10738000100684F8453001F0D1FB01F0ABFB94F816
:1073900044506DB2002D01DD23697BB9FF2384F8D1
:1073A0004430BDE8704001F0C1BB304600F0A2FEA1
:1073B00008B100F02FFF013D6DB2DBE7304600F071
:1073C00099FE08B100F026FF013D6DB2E2E738B545
:1073D0000D46044650B94FF0500372B683F311883E
:1073E000BFF36F8FBFF34F8F62B6FEE701F07AFBFA
:1073F0002268D4E90F3162604B43D0185B1AA06059
:107400001A440020FF23E260A06384F8443084F82B
:107410004530A5B9236973B104F1100000F06AFE8C
:1074200048B14FF0E0234FF08052C3F8042DBFF372
:107430004F8FBFF36F8F01F079FB012038BD04F14E
:107440001000FFF7FCFE04F12400FFF7F8FEF2E75E
:1074500037B50D461C4653B94FF0500372B683F34F
:107460001188BFF36F8FBFF34F8F62B6FEE75AB13B
:10747000B1B94FF0500372B683F31188BFF36F8F29
:10748000BFF34F8F62B6FEE751B14FF0500372B6B3
:1074900083F31188BFF36F8FBFF34F8F62B6FEE7A0
:1074A00050230193019B502B0AD04FF0500372B62A
:1074B00083F31188BFF36F8FBFF34F8F62B6FEE780
:1074C0000121002D08BF2246019B84F8461022604E
:1074D000C4E90F052046FFF77AFF9DF818302046D3
:1074E00084F84C3003B030BD10B49DF8044050B95E
:1074F0004FF0500372B683F31188BFF36F8FBFF361
:107500004F8F62B6FEE701945DF8044BFFF7A0BF12
:10751000F8B50D461746064650B94FF0500372B6FF
:1075200083F31188BFF36F8FBFF34F8F62B6FEE70F
:107530004843503001F09AF9044670B1002380F8B6
:10754000463065B100F15003012120462360C4E9B3
:107550000F65FFF73CFF84F84C702046F8BD0346EA
:10756000F2E72DE9FF410F461E460446019250B94D
:107570004FF0500372B683F31188BFF36F8FBFF3E0
:107580004F8F62B6FEE761B9036C53B14FF0500301
:1075900072B683F31188BFF36F8FBFF34F8F62B65C
:1075A000FEE7022E0DD1E36B012B0AD04FF0500302
:1075B00072B683F31188BFF36F8FBFF34F8F62B63C
:1075C000FEE700F02DFE054660B9019B5BB14FF070
:1075D000500372B683F31188BFF36F8FBFF34F8FE1
:1075E00062B6FEE700254FF0000839E0022E3DD0DC
:1075F000019B1BB901F09AFA002050E015B902A8CE
:1076000000F0BCFD01F092FA00F0BCFB01F06AFA58
:1076100094F84430FF2B01D184F8448094F845302D
:10762000FF2B01D184F8458001F080FA01A902A85E
:1076300000F0B0FD002848D101F054FAA26BE36BD2
:107640009A422FD101F072FA019904F1100000F072
:1076500015FD2046FFF785FE00F03CFC50B30125E8
:1076600001F040FAA26BE36B9A42BFD23246394630
:107670002046FFF72FFE636A1BB104F1240000F0DF
:1076800039FD48B14FF0E0234FF08052C3F8042D8C
:10769000BFF34F8FBFF36F8F01F048FA012004B0A2
:1076A000BDE8F08101F042FA2046FFF75AFE00F0F3
:1076B00011FCD4E74FF0E0234FF08052C3F8042DC3
:1076C000BFF34F8FBFF36F8FC9E72046FFF749FE27
:1076D00000F000FC90E72DE9F843894617461E4666
:1076E000044650B94FF0500372B683F31188BFF3CC
:1076F0006F8FBFF34F8F62B6FEE761B9036C53B172
:107700004FF0500372B683F31188BFF36F8FBFF34E
:107710004F8F62B6FEE7022E0DD1E36B012B0AD02C
:107720004FF0500372B683F31188BFF36F8FBFF32E
:107730004F8F62B6FEE701F0D1FAEFF311884FF0F8
:10774000500372B683F31188BFF36F8FBFF34F8F6F
:1077500062B6A26BE36B9A4201D3022E1DD194F85C
:1077600045503246494620466DB2FFF7B3FD6B1CCB
:107770000ED1636A3BB104F1240000F0BBFC10B1F0
:107780000FB101233B60012088F31188BDE8F88325
:1077900001356DB284F84550F5E70020F4E72DE996
:1077A000FF410E460446019250B94FF0500372B6A5
:1077B00083F31188BFF36F8FBFF34F8F62B6FEE77D
:1077C00061B9036C53B14FF0500372B683F3118863
:1077D000BFF36F8FBFF34F8F62B6FEE700F020FD5F
:1077E000054660B9019B5BB14FF0500372B683F35D
:1077F0001188BFF36F8FBFF34F8F62B6FEE700258E
:107800004FF000083DE0019B1BB901F08FF900200B
:1078100056E015B902A800F0B1FC01F087F900F0BC
:10782000B1FA01F05FF994F84430FF2B01D184F8EC
:10783000448094F84530FF2B01D184F8458001F055
:1078400075F901A902A800F0A5FC002841D1204645
:10785000FFF735FDB8B3019904F1240000F00EFCE8
:107860002046FFF77EFD00F035FB48B94FF0E023DE
:107870004FF08052C3F8042DBFF34F8FBFF36F8FCB
:10788000012501F02FF9A76B002FBCD0013F314635
:107890002046FFF752FDA763236973B104F110007E
:1078A00000F028FC48B14FF0E0234FF08052C3F8BD
:1078B000042DBFF34F8FBFF36F8F01F037F9012015
:1078C00004B0BDE8F0812046FFF74BFD00F002FB5D
:1078D000D6E72046FFF745FD00F0FCFA2046FFF70B
:1078E000EEFC0028CCD092E70023074A30B552F8CE
:1078F000335002EBC3041DB942F83310606030BD51
:107900000133082BF3D1FAE7A008002070B5044634
:107910000D46164601F0E6F894F84430FF2B02D1EC
:10792000002384F8443094F84530FF2B02D1002323
:1079300084F8453001F0FAF8A36B2BB9324629469A
:1079400004F1240000F0B6FB2046BDE87040FFF7CC
:1079500008BD00002DE9F041044601F0C3F82F4BAB
:107960002F4E1A682F4F01321A603568002D4AD108
:1079700034601B68012B1FD1B84601354046FFF724
:107980005EFC08F11408382DF7D1DFF8C080264DD1
:107990004046FFF754FC2846FFF751FC2348FFF709
:1079A0004EFC2348FFF74BFC2248FFF748FC224BD4
:1079B000C3F80080214B1D60214A13680133136016
:1079C000204A63641168E36A8B4200D91360142073
:1079D000211D00FB0370FFF740FC01F0A7F81A4BD4
:1079E0001B6873B13368DA6AE36A9A4209D24FF0CE
:1079F000E0234FF08052C3F8042DBFF34F8FBFF345
:107A00006F8FBDE8F081104B1B68002BD4D1336819
:107A1000DA6AE36A9A42CFD83460CDE704090020DD
:107A2000D80D0020780900205009002034090020DA
:107A300020090020080900204C09002048090020E6
:107A4000E8080020FC080020F80800206409002055
:107A5000F8B5154B0646154D0F461C6828680430CE
:107A6000FFF71DFC731C07D137B12968104804319A
:107A7000BDE8F840FFF7F1BBA4192B685C6007D3A1
:107A80000C4B18682968BDE8F8400431FFF7F0BBDB
:107A9000094B186829680431FFF7EAFB074B1A689D
:107AA000A24200D91C60F8BD00090020D80D0020BA
:107AB00008090020480900204C090020E4080020A3
:107AC000064A13681968064B19B94FF0FF321A605D
:107AD00070471268D268D2685268F8E74C090020F3
:107AE000E408002010B590F8593004463BB9006B0B
:107AF00000F050FF2046BDE8104000F04BBF012BC6
:107B0000F9D0022B0AD04FF0500372B683F31188DC
:107B1000BFF36F8FBFF34F8F62B6FEE710BD00005B
:107B200080B5134C134F144D236873B9134B1B6866
:107B3000012BF8D94FF0E0234FF08052C3F8042D09
:107B4000BFF34F8FBFF36F8FEDE700F0CBFFFB6804
:107B5000DE68301DFFF7A3FB2B68013B2B60236819
:107B6000013B236000F0E2FF3046FFF7BBFFDBE79D
:107B70001C090020200900200409002078090020A9
:107B80002DE9F047960007460D46A5213246984656
:107B9000043EDDE90994206B02F064FA236B1E4475
:107BA00026F00706A5B36B1E04F133020F3513F858
:107BB000011F02F8011F09B1AB42F8D1002384F87C
:107BC0004330089D4FF0000A201D372DC4F850A007
:107BD00028BF3725E562E564C5F13805FFF73AFBB4
:107BE00004F11800FFF736FBC4F854A042463946AA
:107BF00030462461A561646284F858A000F048FF13
:107C00002060B9F1000F01D0C9F80040BDE8F0874D
:107C100084F83450D5E770B586B0DDE90B5455B91A
:107C20004FF0500372B683F31188BFF36F8FBFF329
:107C30004F8F62B6FEE754B94FF0500372B683F32C
:107C40001188BFF36F8FBFF34F8F62B6FEE75C26DC
:107C50000596059E5C2E0AD04FF0500372B683F352
:107C60001188BFF36F8FBFF34F8F62B6FEE72563B6
:107C70000225059E84F8595004AD029401950A9D91
:107C80000095FFF77DFF2046FFF764FE049806B0DD
:107C900070BD2DE9F043074685B090008846164632
:107CA000994600F0E3FD054620B94FF0FF3005B0DE
:107CB000BDE8F0835C2000F0D9FD044698B10023B4
:107CC00005633246414680F859300D9B0290384694
:107CD00001930C9B00934B46FFF752FF2046FFF7A2
:107CE00039FE0120E3E7284600F054FEDDE70000FE
:107CF00010B588B0002407AA06A905A8CDE9054457
:107D000000F076FD059B079A0293069B18491948D7
:107D1000CDE900432346FFF77EFF38B300F028FB90
:107D2000012816D14FF0500372B683F31188BFF3C8
:107D30006F8FBFF34F8F62B60F4B4FF0FF321A6059
:107D40000E4B18600E4B1C6008B0BDE8104000F0F0
:107D500063BF01300AD14FF0500372B683F311882C
:107D6000BFF36F8FBFF34F8F62B6FEE708B010BD51
:107D700010D40008217B0008E4080020F808002047
:107D800000090020024A136801331360704700BFE6
:107D9000E0080020014B1868704700BF0009002070
:107DA000414B1B682DE9F74F002B76D13F4B1D68E7
:107DB00001351D60CDB93E4B1A68126852B14FF0C3
:107DC000500372B683F31188BFF36F8FBFF34F8FE9
:107DD00062B6FEE7374A1968106818601160364AC3
:107DE000136801331360FFF76BFE344E0024344FE9
:107DF0003368DFF8D880AB420AD8DFF8B4A0DFF8E8
:107E0000D0B0DAF800301B68B3B94FF0FF333360FD
:107E1000D8F800301422DB6A5343FB58012B94BF7F
:107E2000204644F00100274B1B68002B18BF40F090
:107E3000010003B0BDE8F08FDAF80030DB68D3F85A
:107E40000C90D9F80420954201D23260E0E709F1A4
:107E5000040318460193FFF722FAD9F828201AB133
:107E600009F11800FFF71BFAD9F82C00DBF8002005
:107E7000904201D9CBF80000142309F1040103FB5F
:107E80000070FFF7EAF9D8F80010D9F82C20CB6A77
:107E90009A4228BF44F00104B3E70B4A002013685C
:107EA00001331360BFE700BFE00800200009002095
:107EB0004C09002048090020EC080020E4080020BC
:107EC00078090020F0080020F4080020D80D0020D8
:107ED000FC0800202DE9F041314C236853B94FF0E4
:107EE000500372B683F31188BFF36F8FBFF34F8FC8
:107EF00062B6FEE700F0F6FD2368013B23602468CC
:107F00002CB1002400F012FE2046BDE8F081254B84
:107F10001B68002BF5D0244D244EDFF8A0801DE017
:107F2000EB68DC68271D04F11800FFF7B8F9384644
:107F3000FFF7B5F9E36A3268934200D93360142041
:107F4000394600FB0380FFF788F9194BE26A1B688A
:107F5000DB6A9A4202D3174B01221A602B68002B6E
:107F6000DED10CB1FFF7ACFD134D2C6844B1114EBE
:107F70000127FFF715FF00B13760013CF9D12C60F4
:107F80000C4B1B68002BBCD04FF0E0234FF080520D
:107F9000C3F8042DBFF34F8FBFF36F8F0124B1E7F8
:107FA000E00800200409002034090020FC0800201B
:107FB000D80D0020F0080020F408002078090020E7
:107FC00008B550B94FF0E0234FF08052C3F8042DAC
:107FD000BFF34F8FBFF36F8F08BD0B4B196851B1C3
:107FE0004FF0500372B683F31188BFF36F8FBFF366
:107FF0004F8F62B6FEE7FFF7C5FEFFF729FDFFF7DB
:1080000069FF0028DED0E7E7E0080020164B1A6879
:10801000164B70B512B101221A6070BD144D1426B2
:108020001A60144C296806FB01F3E258E0186AB1A3
:1080300042680833526823449A4242600E4B04BFA0
:1080400052684260D2681A602960E6E751B94FF081
:10805000500372B683F31188BFF36F8FBFF34F8F56
:1080600062B6FEE70139DEE7E0080020F0080020F4
:10807000FC08002078090020D80D002010B50C461F
:1080800050B94FF0500372B683F31188BFF36F8F6E
:10809000BFF34F8F62B6FEE7054B19681831FFF743
:1080A000E7F820460121BDE81040FFF7D1BC00BF32
:1080B000D80D002038B50D46144650B94FF0500386
:1080C00072B683F31188BFF36F8FBFF34F8F62B621
:1080D000FEE7074B19681831FFF7BFF8002C21465F
:1080E0000CBF28464FF0FF30BDE83840FFF7B0BC6A
:1080F000D80D002038B5C368DC6854B94FF0500380
:1081000072B683F31188BFF36F8FBFF34F8F62B6E0
:10811000FEE704F118052846FFF7C1F8114B1B686C
:10812000D3B9251D2846FFF7BAF80F4AE36A11684C
:108130008B4200D9136014200C4A294600FB03200F
:10814000FFF78BF80A4BE26A1B68DB6A9A4206D992
:108150000120084B186038BD29460748F0E7002089
:10816000F9E700BFE0080020FC08002078090020A3
:10817000D80D0020F008002034090020034B1B68B4
:108180000360034B1B684360704700BFEC0800208E
:108190000009002070B50C46054650B94FF0500359
:1081A00072B683F31188BFF36F8FBFF34F8F62B640
:1081B000FEE751B94FF0500372B683F31188BFF355
:1081C0006F8FBFF34F8F62B6FEE700F08BFC0F4B53
:1081D000196823685A1C10D00D482E6800686A6818
:1081E000864201D08A420FD9881A83420AD95B1A83
:1081F000284613442360FFF7C1FF002400F096FCDB
:10820000204670BD002323600124F7E70009002009
:10821000EC080020014B01221A607047F008002092
:10822000054B1B6833B1054B1868B0FA80F0400964
:108230004000704701207047F8080020E008002047
:1082400038B508B9002038BD1D4B1C6884420AD0DF
:108250004FF0500372B683F31188BFF36F8FBFF3F3
:108260004F8F62B6FEE7236D53B94FF0500372B6DD
:1082700083F31188BFF36F8FBFF34F8F62B6FEE7B2
:10828000E16A013BE26C23659142DBD0002BD9D13E
:10829000251D2846FFF703F8E36CC3F13802E362BB
:1082A000A261084A11688B4200D91360064A142063
:1082B000294600FB0320FEF7D0FF0120C3E700BFE3
:1082C000D80D0020FC08002078090020914208B554
:1082D000416000610AD8D21A83699A420DD2011D09
:1082E000074B1868FEF7C4FF002008BD9A4201D270
:1082F000994202D2011D034BF3E70120F5E700BFCD
:10830000D80E0020DC0E0020F7B5114C00F0EAFB7F
:108310002568BDB90F4F104E3846FEF790FF304626
:10832000FEF78DFF0D4B0E4A10211F600A200D4BEA
:108330001E600D4B0095FFF7D7F8206010B10B4978
:10834000FFF7D2FA03B0BDE8F04000F0EFBB00BF8A
:10835000D40E0020F40E0020E00E0020DC0E0020E1
:108360002C0E0020D80E0020DC0D002086DA00083C
:1083700010B588B0FFF7C8FF134B1B68B3B10024DA
:1083800007AA06A905A8CDE9054400F03DFA059B1A
:10839000079A0293069B0D49019302230C48009310
:1083A0002346FFF738FC0B4B186050B94FF05003D1
:1083B00072B683F31188BFF36F8FBFF34F8F62B62E
:1083C000FEE7012008B010BDD40E00208BDA0008B3
:1083D000AD840008D00E00207FB5154604461A462D
:1083E00050B94FF0500372B683F31188BFF36F8F0B
:1083F000BFF34F8F62B6FEE70D4E306888B1052996
:108400000294CDE900150EDCFFF70AFF034669462A
:108410003068022B4FF000030CBF089A1A46FFF792
:10842000A0F804B070BD00236946FFF754F9F8E7DF
:10843000D40E0020F7B51B4D2B681A682AB91A4ACA
:1084400011681360296003B0F0BDDB68DC681E684A
:10845000271D3846FEF723FF236A2046984794F8E5
:1084600028305B07E8D5A36933449E4206D23946DB
:10847000286863602461FEF7FBFEDDE700233246D7
:10848000204619460093FFF7A7FF0028D4D14FF0EC
:10849000500372B683F31188BFF36F8FBFF34F8F12
:1084A00062B6FEE7DC0E0020D80E00202DE9F04376
:1084B000794F87B0794E3B68D3F80080B8F1000F50
:1084C00028D0DB680024D3F80080FFF75BFCFFF7BF
:1084D00061FC3368054698421ED3306024B3704B6C
:1084E0001B681C68B4FA84F464096E4B2246A8EB3E
:1084F00005011868FFF70AFAFFF7ECFC88B94FF09E
:10850000E0234FF08052C3F8042DBFF34F8FBFF329
:108510006F8F06E00124D8E7FFF78CFF3560FFF787
:10852000D9FCDFF880813AE08045DED8FFF7D2FC45
:108530003B68DB68D3F80C9009F10400FEF7AFFE4E
:1085400099F8283058071BD5D9F8181043462A4601
:1085500048464144FFF7BAFEB0B1234642462146A1
:1085600048460094FFF738FF70B94FF0500372B6D9
:1085700083F31188BFF36F8FBFF34F8F62B6FEE7AF
:1085800023F0010389F82830D9F82030484698476D
:10859000C7E7039B05999847029B002B0BDA002243
:1085A00002A9D8F80000FFF7FAF8002883D0029B50
:1085B0000498002BEDDB049C636993B9FFF7EAFB99
:1085C00033680546984201D2FFF734FF029B3560BD
:1085D000092BE4D8DFE803F0090909353C570909FC
:1085E000353C201DFEF75BFEE8E794F828302A466C
:1085F000A169204643F0010384F82830039B194405
:10860000FFF764FE0028CAD0236A2046984794F8F2
:1086100028305907C3D5A269002303992046009347
:108620000A441946FFF7D8FE0028B8D14FF050038E
:1086300072B683F31188BFF36F8FBFF34F8F62B6AB
:10864000FEE794F8283023F0010384F82830A6E7E9
:1086500094F82830039943F00103A16184F828308D
:1086600051B94FF0500372B683F31188BFF36F8F87
:10867000BFF34F8F62B6FEE72B462A4629442046B9
:10868000FFF724FE8BE794F828309A07DBD42046C6
:1086900000F080F983E700BFDC0E0020CC0E002044
:1086A000D80E0020D40E0020EFF3058313B16FF035
:1086B00005007047EFF31082074B12B9EFF31182F8
:1086C00012B11A68022AF2D0186810B901221A6091
:1086D00070474FF0FF307047C01B002008B5EFF324
:1086E000058313B16FF0050008BDEFF310820A4B4C
:1086F00012B9EFF3118212B11A68022AF2D01A6885
:10870000012A05D102221A60FFF7F2FA0020EBE7F6
:108710004FF0FF30E8E700BFC01B0020F0B5144663
:1087200087B000220B460592EFF305824ABBEFF3B8
:10873000108212B9EFF311821AB1204A1268022A8C
:108740001FD0F0B15CB3A56925B16A1E372A02D9E2
:10875000002017E018256268D207F9D466699EB137
:10876000B2082168D4E9027C8FB1BCF15B0F08D953
:10877000246934B12EB10095CDE90147FFF74BFADA
:108780000590059807B0F0BD4FF48072E9E7BCF1A1
:10879000000FF6D12469002CF3D10C4602E0182515
:1087A0004FF4807205A992B2CDE900512146FFF73E
:1087B00070FA01281CBF00230593E2E7C01B0020CC
:1087C00008B5EFF3058313B16FF0050008BDEFF3B3
:1087D000108313B9EFF311831BB1044B1B68022BF9
:1087E000F2D008B1FFF7ECFB0020EFE7C01B002040
:1087F000034B0360034B0B604FF4807313607047AF
:10880000641B002064170020034B0360034B0B60C4
:108810004FF400731360704708170020080F002002
:10882000104B10B51A461B688342FBD354681119CC
:10883000884201BF41681046091951604468011916
:108840008B420CD1084909688B4203D059682144F6
:10885000416019689042016018BF106010BD194650
:10886000F8E700BFD41B0020D01B00202DE9F04109
:108870000446FFF787FA4149414D0B680BBB414A5B
:108880005607414E1BBFD01D02F500424FF4004376
:1088900020F007001CBF131A024600201344326068
:1088A0007060083B23F00703C3E90000981A0B60CF
:1088B000C2E90030354B1860354B18604FF000436B
:1088C0002B602E68264254D1002C43D004F10803BB
:1088D00060071CBF23F007030833002B49D02C4F3F
:1088E0003C689C4245D3284A15686868984204D27F
:1088F000D5F800C0BCF1000F17D10968A94238D0E3
:108900002968D2F800801160C21A102A14D9E81818
:1089100041070DD04FF0500372B683F31188BFF3B7
:108920006F8FBFF34F8F62B6FEE72A466546DCE7DE
:1089300042606B60FFF774FF6A6800231349A41A52
:10894000164308683C6084426E602B6038BF0C6040
:1089500008F10804FFF7BEFA63070CD04FF050038C
:1089600072B683F31188BFF36F8FBFF34F8F62B678
:10897000FEE70024EEE72046BDE8F081D01B002092
:10898000C41B0020DC1B0020D41B0020C81B0020BF
:10899000CC1B002010B50446002832D0194A50F8EC
:1089A000043C126813420AD14FF0500372B683F3AD
:1089B0001188BFF36F8FBFF34F8F62B6FEE750F899
:1089C000081C51B14FF0500372B683F31188BFF306
:1089D0006F8FBFF34F8F62B6FEE723EA020340F8C2
:1089E000043CFFF7CFF9084A54F8043CA4F108000E
:1089F00011680B441360FFF713FFBDE81040FFF749
:108A000069BA10BDC41B0020CC1B002008480068B8
:108A1000006880F308884FF0000080F3148862B685
:108A200061B6BFF34F8FBFF36F8F00DF00BF000051
:108A300008ED00E0DFF80C00016841F4700101600E
:108A40007047000088ED00E0002382B001930F4BD7
:108A50001B6801330AD04FF0500372B683F31188BC
:108A6000BFF36F8FBFF34F8F62B6FEE74FF0500337
:108A700072B683F31188BFF36F8FBFF34F8F62B667
:108A8000019B002BFCD002B0704700BF18000020F3
:108A90004FF0807321F0010140F8202C443803642A
:108AA000034BC16383636FF002030362704700BF2F
:108AB000498A0008000000000000000000000000DB
:108AC000074B19680868B0E8F04F80F30988BFF3D6
:108AD0006F8F4FF0000080F311887047AFF3008074
:108AE000D80D00204FF0500372B683F31188BFF306
:108AF0006F8FBFF34F8F62B60B4A13680133012BA0
:108B0000136010D14FF0E023D3F8043DDBB253B132
:108B10004FF0500372B683F31188BFF36F8FBFF32A
:108B20004F8F62B6FEE7704718000020094A1368AD
:108B300053B94FF0500372B683F31188BFF36F8FB0
:108B4000BFF34F8F62B6FEE7013B13600BB983F3AF
:108B5000118870471800002000000000000000008D
:108B6000EFF30980BFF36F8F154B1A681EF0100FDB
:108B700008BF20ED108A20E9F04F10602DE90900B0
:108B80004FF0500072B680F31188BFF34F8FBFF3E0
:108B90006F8F62B6FFF73AFA4FF0000080F311884A
:108BA00009BC19680868B0E8F04F1EF0100F08BF44
:108BB000B0EC108A80F30988BFF36F8F704700BF55
:108BC000D80D002008B54FF0500372B683F311881A
:108BD000BFF36F8FBFF34F8F62B6FFF7E1F828B195
:108BE0004FF0E0234FF08052C3F8042D002383F3AD
:108BF000118808BD4FF0E02200234FF47A71136111
:108C00009361044B1B68B3FBF1F3013B53610723F2
:108C100013617047000000202C4B37B51A78D2B290
:108C20000192FF221A701B78294ADBB28DF80330BB
:108C30009DF8033003F0500313700723254A136097
:108C40009DF80300591E00060CD4032B13D04FF0DF
:108C5000500372B683F31188BFF36F8FBFF34F8F4A
:108C600062B6FEE79DF8033011605B00DBB28DF861
:108C700003300B46E4E74FF440734FF0E024002547
:108C80001360019B114ADBB21370D4F8203D43F40A
:108C90007003C4F8203DD4F8203D43F07043C4F87D
:108CA000203DFFF7A7FF0C4B1D60FFF7C3FED4F874
:108CB000343F43F04043C4F8343FFFF7A7FEFFF7CB
:108CC000A5F92846FFF7C0FE03B030BD00E400E080
:108CD000E09B0020DC9B002018000020EFF30583C0
:108CE0000F2B10D9134A9B5C134A12789A420AD967
:108CF0004FF0500372B683F31188BFF36F8FBFF349
:108D00004F8F62B6FEE74FF0E0230C4AD3F80C3DDC
:108D1000126803F4E06393420AD94FF0500372B62D
:108D200083F31188BFF36F8FBFF34F8F62B6FEE7F7
:108D3000704700BFF0E300E0E09B0020DC9B0020D8
:108D40002DE9F047089D0F4604468C46002B48D17C
:108D50008A42164661D9B2FA82F34BB1C3F12002BE
:108D600001FA03FC20FA02F29E4042EA0C0C9C40FD
:108D70004FEA164EB7B2BCFBFEF1220C0EFB11CC33
:108D800042EA0C4201FB07F0904209D9B21801F106
:108D9000FF3C80F0EE80904240F2EB80023932449A
:108DA000121AA4B2B2FBFEF00EFB102244EA0244F7
:108DB00000FB07F7A74209D9341900F1FF3280F010
:108DC000DA80A74240F2D7803444023840EA0140BA
:108DD000E41B00211DB1DC400023C5E90043BDE8D0
:108DE000F0878B4206D90DB1C5E900010021084684
:108DF000BDE8F087B3FA83F1002948D1BB4202D322
:108E0000824200F20781841A67EB03020120944634
:108E1000002DE4D0C5E9004CE1E7002A00F0928083
:108E2000B2FA82F3002B40F0A8808A1A4FEA164E5D
:108E30001FFA86FC0121200CB2FBFEF70EFB172265
:108E400040EA02420CFB07F0904207D9B21807F142
:108E5000FF3802D2904200F2E2804746121AA4B2D2
:108E6000B2FBFEF00EFB102244EA02440CFB00FCB5
:108E7000A44507D9341900F1FF3202D2A44500F20B
:108E8000CB801046A4EB0C0440EA0740A2E7C1F1F6
:108E900020068B4022FA06FC4CEA030C07FA01F488
:108EA00020FA06F3F7404FEA1C49234300FA01F881
:108EB0001FFA8CFEB7FBF9F01C0C09FB107744EA93
:108EC000074400FB0EF7A74202FA01F20AD91CEB95
:108ED000040400F1FF3A80F09B80A74240F29880A2
:108EE00002386444E41B9FB2B4FBF9F309FB13445A
:108EF00047EA044403FB0EFEA64509D91CEB040413
:108F000003F1FF3780F08280A6457FD9023B64449D
:108F100043EA0040A4EB0E04A0FB02E7BC42734608
:108F2000B94663D360D05DB1B8EB030264EB0904CA
:108F300004FA06F622FA01F31E43CC40C5E90064A8
:108F400000214CE76208480842EAC1710B0C43EA71
:108F500000438AB242EA0342B3FBF6F1E407B446A7
:108F60003746B6461F23B0FBF6F0D21B41EA00415C
:108F700061E7614614E7104628E7C3F1200120FAB3
:108F800001F29E4027FA01F19F403A434FEA164E04
:108F90001FFA86FCB1FBFEF70EFB1710110C41EA1D
:108FA000004107FB0CF8884504FA03F43AD971181C
:108FB00007F1FF3001D288451FD8A1EB0801B1FBB2
:108FC000FEF808FB0CF70EFB181192B242EA0142C0
:108FD000BA422FD2B21808F1FF31C6D2BA42C4D277
:108FE000A8F102013244C0E7F0459CD2BEEB020377
:108FF00067EB0C070138B94695E7A6EB0808414432
:10900000B81EB1FBFEF808FB0CF7DCE73B467FE738
:10901000504667E70846FBE63444023832E7023F31
:1090200032441BE7A1EB08013846B1FBFEF808FB10
:109030000CF7C8E7414698E770B504460D4645EC85
:10904000104B164602F004F951EC100B7EB1C5F33B
:109050000A53C3F16B03002B09DD1B0503F17F5598
:10906000002405F5401522462B46F7F76DFA41EC32
:10907000100B70BD000000002DE9F04F9DB00E46B2
:1090800015920022049018924FF000084FF000094A
:1090900017910A782B2A0D4601F101011DD00BD83A
:1090A0000D2A06D8082AF3D87AB100230B939A46E2
:1090B00083E0202AECD0F8E72D2A10D10122691C88
:1090C00017910B926A78002A37D1159B1796002BBF
:1090D00040F0958542464B462AE00022EFE700210A
:1090E0000B91302A40F09B806A7802F0DF02582A08
:1090F0005AD102930B9B019318AB0093814A0498B9
:1091000019AB17A901F08EF910F00F06044605D02F
:10911000062E14D10135002317950B93159B002BB8
:1091200040F06F850B9B002BD4D0424609F10043E1
:1091300043EC102B1DB0BDE8F08F0D46D1E7189A17
:109140003AB135211AA802F07DF91899049801F076
:1091500043FD013E042E06D8DFE806F014031E216D
:109160001400DDE91A89E00548BF49F0004929F0FB
:1091700000431B0D1B05002BD0D101F02FF822233B
:109180000360CBE7DDE91A83199A23F4801302F216
:10919000334243EA0259E6E7DFF87091E3E76FF004
:1091A00000494FF0FF38DEE7013517952B78302B5B
:1091B000FAD0002BB2D04FF0010A00272B460E97B1
:1091C000BB460A21184613F8014BA4F13002092AC4
:1091D00028D94D49012200F04DFF002834D000204D
:1091E000CDE9060022465C46652A01D0452A14D105
:1091F00024B95AEA00033FF468AF0024179E731C99
:10920000179372782B2A73D02D2A77D04FF0000C49
:10921000A2F13003092B7FD9179600239EE04FF06F
:10922000000ACAE7BBF1080FD8BF0E9A1793DBBF3D
:1092300001FB0242303A01FB07420E92C8BFA2F185
:1092400030070BF1010BBDE7179B5A1C17925A7898
:10925000BBF1000F34D006905C46A2F13003092B1D
:1092600012D901230793BFE7179B5A1C17925A780C
:109270000130302AF8D0A2F13103082B00F2C68465
:109280000690179D00200446303A00F1010311D0EA
:10929000069919440691234620440A21834203F18A
:1092A00001040FD1082B18DC0E990A2303FB0123BC
:1092B0000E930023179A511C179152781846CCE749
:1092C0005846D6E7082B04DC0E9C4C430E94013321
:1092D000E4E7102CD8BF4F43F9E70F2BDCBF0A237C
:1092E00003FB0727E5E700210123CDE9061380E70B
:1092F0004FF0000CB31C1793B27889E74FF0010CC4
:10930000F8E700BF2CDF000893DA00080000F07FC8
:10931000179B5A1C17925A78302AF9D0A2F13103C0
:10932000082B3FF67AAF179B0593A2F1300E01335D
:1093300017931A78A2F1300109293CD905995B1AD3
:10934000082B44F61F633CDC9E457146A8BF1946B6
:109350000591BCF1000F02D0059B5B420593002CE8
:1093600050D15AEA00007FF4D9AE079B002B7FF45E
:10937000ACAE692A29D026DC492A26D04E2A7FF4B1
:10938000A4AEA14917A801F06FFA00283FF49DAEE2
:10939000179B1B78282B2FD19C491AAA17A801F0DC
:1093A00077FA052828D11B9BDDF8688043F0FF4938
:1093B00049F4E009B2E60A2101FB0E22A2F1300EC7
:1093C000B5E70593C5E76E2AD9E7914917A801F0DB
:1093D0004BFA00283FF479AE179B8E49013B17A842
:1093E000179301F041FA10B9179B01331793DFF877
:1093F00034924FF0000891E6874800F035FF59ECB1
:10940000108B8BE6DDE905320E989B1ABBF1000F3D
:1094100008BFA346102C0A93A246A8BF4FF0100A1B
:10942000F7F718F8092C8046894613DC0A9B002BB5
:109430003FF474AE0A9B73DD162B5ADC774901EBBF
:10944000C301D1E9000142464B46F7F77DF880465B
:10945000894663E6714B03EBCA0353E91223F7F71E
:1094600073F8804638468946F6F7F4FF02460B4605
:1094700040464946F6F7B2FE0F2C80468946D5DDB8
:109480000A9BA4EB0A0A9A44BAF1000F40F39780B2
:109490002AF00F061AF00F0A51D1B6F59A7F5EDC5A
:1094A0000023DFF87CA13611404649461F46012EB5
:1094B00079D10BB1804689465949A9F1547901EB1C
:1094C000C70142464B46D1E90001F7F73DF8554B3D
:1094D0000A460B4054498B42804640D8A1F5801182
:1094E0008B4286BFDFF844914FF0FF3802F1547988
:1094F00032E00A9AC4F125039342C1DB474DC4F11F
:109500000F0405EBC40142464B46D1E90001F7F7D1
:109510001BF80A9B1C1B05EBC405D5E9002394E747
:109520001633ADDBDDE905239A1A3C4B03EBC2038E
:10953000D3E9002340464946F7F730F987E7374932
:1095400001EBCA0142464B46D1E90001F6F7FCFFA8
:1095500080468946002EA0D100230793A0E0002476
:1095600005940E940694049ADFF8B89022231360B1
:109570004FF000080E9B002B3FF4D0AD18990498D3
:1095800001F02AFB0699049801F026FBDDE90401AD
:1095900001F022FB0E99049801F01EFB049821466D
:1095A00001F01AFBBAE5F20704D5DAE90023F6F771
:1095B000CBFF0123013776100AF1080A77E7CBD0F9
:1095C000CAF1000A4FEA2A161AF00F0A0DD11F2E0F
:1095D0002EDD002405940E940694049A22234FF065
:1095E00000084FF000091360C4E70C4B03EBCA03FB
:1095F00040464946D3E90023F7F7D0F8804689462C
:10960000002EA9D0E3E700BF9EDA000818DF0008AB
:1096100095DA000898DA00084ED40008A0E00008A7
:1096200078E000080000F07F0000A07CFFFFEF7FE3
:1096300016F0100318BF6A23764F07934046494639
:109640000023F20704D5D7E90023F6F77DFF0123B5
:10965000761007F10807F4D10BB180468946079BC5
:10966000B3B1C9F30A52C2F16B03002B49460FDDB7
:109670001F2B57DD342BDEBF4FF0FF33C2F14B02FF
:1096800093404FF00008CCBF4FF05C7903EA01092A
:109690000022002340464946F7F7BEF9002898D13A
:1096A0000E9B0093049823465A46294601F0FCFA83
:1096B0000E9000283FF453AFDDE905239B1A0A9A68
:1096C000002AA8BF00231293002422EAE273149315
:1096D00005940E9B0498596801F040FA0690002802
:1096E0003FF441AF0E9B1A69023203F10C01920064
:1096F0000C3000F0A8FD49EC108B04981AAA19A9A7
:10970000CDE90C8901F014FE189000283FF42BAF2E
:109710000498012101F05EFB0590034648B900233F
:10972000059320E74FF0FF3202FA03F303EA08083B
:10973000AEE7199D1A9A002DABBF129B149B149E85
:10974000129FACBFEF185E1B079BED1A1544324BFE
:10975000013D9D42C2F136024FDA5B1B1F2BA2EB8B
:1097600003024FF001013CDC01FA03FA4FF0000B59
:10977000BD18079BAF4216441E443B46A8BF2B466C
:10978000B342A8BF3346002BC2BFED1AF61AFF1A28
:10979000129B002B16DDDDE904011A4601F0DAFB0D
:1097A00005900028BBD00146189A049801F028FBC8
:1097B0000F9000283FF4D7AE1899049801F00CFAE6
:1097C0000F9B1893002D1BDC0A9B002B26DD149A9F
:1097D0000699049801F0BEFB0690F8B900230693A1
:1097E000C1E6C5F17F4505F57F0505F57B45E23509
:1097F00001FA05FB4FF0010ABAE74FF0000BF9E759
:10980000189904982A4601F001FC18900028DBD131
:10981000A9E600BF40DF000802FCFFFF002E07DDC5
:1098200006990498324601F0F1FB06900028D5D045
:10983000002F08DDDDE904013A4601F0E7FB059061
:1098400000283FF490AE069A1899049801F068FC3D
:10985000044600283FF487AEC3680F9300230599A0
:10986000C36001F041FC00283CDA0F9B53EA080377
:109870005ED1C9F313034D46002B59D129F00043A3
:109880001B0D1B05B3F1D66F52D9636913B9236958
:10989000012B4DDD21460122049801F0B7FB05990B
:1098A000044601F021FC002842DDAD4B079A2B4015
:1098B000002A5FD0B3F1D66F5CD8B3F15C7F7FF63E
:1098C0008CAEA84B404649460022F6F73DFEA44B1D
:1098D0000B4080468946002B7FF450AE049A222329
:1098E00013604BE64D4662D10F9AC9F3130342B39E
:1098F0009D4A934228D1079B4146EBB1984B2B40A0
:10990000B3F1D46F4FF0FF3219D81B0DC3F16B03C5
:1099100002FA03F3994217D1944B9D4202D10131CF
:109920003FF421AE8E4B2B4003F580194FF0000819
:10993000079B002BC5D121E64FF0FF33EAE7134622
:10994000E8E753EA0803B0D0BBF1000F1BD01BEAD5
:10995000050FEDD00F9B079A40464946B3B1FFF77C
:109960006BFBDDE90C0153EC102BF6F737FC80465E
:109970008946DDE7A3F580136FEA13596FEA0959A9
:109980004FF0FF38D4E71AEA080FE2E7FFF754FB7D
:10999000DDE90C0153EC102BF6F71EFC002200232E
:1099A00080468946F7F738F80028C1D015E60599B2
:1099B000204601F015FD57EC106B00224FF080435C
:1099C00030463946F7F73CF8002870D00F9B002B43
:1099D0007BD1B8F1000F56D1C9F31303002B58D136
:1099E000634B002230463946F7F720F8002859D15A
:1099F000604B002230463946F6F7A6FD82468B467C
:109A00000BF10043CDF820A00993554B544A2B404D
:109A10001393594B2A409A42DDE9086740F0B08021
:109A2000A5F1547949EC108B01F012FCDDE9082313
:109A300051EC100BF6F788FD42464B46F6F7CEFB8D
:109A4000474D4E4A0D409542804645D90D9A474BA9
:109A50009A4203D10C9B01333FF485ADDFF80C91A2
:109A60004FF0FF381899049801F0B6F80699049859
:109A700001F0B2F8DDE9040101F0AEF804982146E6
:109A800001F0AAF825E6B8F1010F02D1002D3FF44C
:109A9000A4AD9FED2B7BDFF8D8B08DED087B4FF0A8
:109AA000000AB2E7DFF8CCB04FF0000AA8E7314B6C
:109AB000002230463946F6F747FD0F9B82468B461B
:109AC000002B9DD0CDE908AB9FE79FED1F7B8DED6F
:109AD000087B5BEC17AB98E701F15479079B002BEF
:109AE000C0D129F00043139A1B0D1B059A42B9D12E
:109AF0005046594602F0B0FBF6F7F8FC02460B461A
:109B000050465946F6F768FB0F9AC9F3130343EA28
:109B10000803134306460F466BD00DA3D3E9002379
:109B2000F6F784FF00287FF429AD0BA3D3E90023C7
:109B300030463946F6F798FF002893D01EE500BF5F
:109B4000000000000000F0BF000000000000F03F37
:109B50009535A094FFFFDF3F35E5AF350000E03FCE
:109B60000000F07F00005039FFFF0F00FFFFEF7F84
:109B70000000F03F0000E03F0000E07FFFFF9F7C1F
:109B8000079B13B3139BB3F1D46F1ED824A3D3E95F
:109B9000002350465946F6F753FF90B159465046B8
:109BA000F6F76CFF012838BF0120F6F753FC0F9B36
:109BB00082468B46D3B901F1004310901193DDE941
:109BC0001067139A07F1D6639F1A9DED0C0B01F0F5
:109BD0003FFB304653EC102B3946F6F7B5FCDDE978
:109BE0000C23F6F7FBFA8046894677E7CDE910AB00
:109BF000E5E70DA3D3E90023F6F718FF9CE7002360
:109C00000B93159A179B1360FFF78CBA652A3FF4E4
:109C10006AAB452A3FF467AB01230793FFF7A1BB6B
:109C20000000C0FFFFFFDF419535A094FFFFCF3F4D
:109C30002DE9F041DFF8BC80294B0A462DED028B5F
:109C40000146D8F80000FFF717FA55EC104B2246F2
:109C50002B4620462946F6F7B3FF90B1002D214848
:109C600009DA00F009FBB1EE408AB0EE480ABDEC1B
:109C7000028BBDE8F081BDEC028BBDE8F04100F045
:109C8000FBBA20462946F6F7B1FF08EE100ADFEDD1
:109C9000167AB0EEC87AB4EE677AF1EE10FA11DDFA
:109CA00025F00047114B4FF0FF3220463946F6F7BA
:109CB00087FF80B90D4B4FF0FF3220463946F6F74B
:109CC000BFFE40B918EE103A13F0FF4FCDD1084B4C
:109CD0002B40002BC9D0D8F8003022221A60C4E7EC
:109CE000280000204ED40008FFFF7F7FFFFFEF7F9A
:109CF0000000F07F940100202DE9F043344E8646A9
:109D00000D46284615F8014B375D17F00807F8D1C6
:109D10002D2C10D12C780127851C33F0100015D183
:109D2000302C0DD1287800F0DF00582808D16C784D
:109D3000023510230AE02B2C04BF2C78851CECE79D
:109D4000002BF6D1302C14BF0A2308234FF0FF3824
:109D50000026B8FBF3F803FB08F96FEA090930465F
:109D6000A4F1300CBCF1090F10D86446A3421EDDEB
:109D7000B6F1FF3F07D0804516D301D1A14513DBD3
:109D800000FB0340012615F8014BE9E7A4F1410C63
:109D9000BCF1190F01D8373CE8E7A4F1610CBCF124
:109DA000190F04D8573CE1E74FF0FF36EBE7731C7F
:109DB00006D12223CEF80030304632B9BDE8F08318
:109DC00007B14042002AF9D006B1691E1160F5E7DB
:109DD00069DF000813460A46014602480068FFF79B
:109DE0008BBF00BF94010020002310B50446C0E9DA
:109DF0000033C0E90433836081814366C28183619B
:109E0000194608225C3000F02DF90D4B63620D4BB2
:109E1000A3620D4BE3620D4B23630D4B24629C4206
:109E200006D003F16802944202D0D0339C4205D19F
:109E300004F15800BDE8104000F0FAB910BD00BFB1
:109E4000DD9F0008FF9F000837A000085DA0000804
:109E5000E49B0020024A0349034800F06BB800BFAE
:109E60001C000020C1BB00089801002041680C4B79
:109E7000994210B5044601D001F0A2FEA168094B39
:109E8000994202D0204601F09BFEE168064B9942C0
:109E900004D02046BDE8104001F092BE10BD00BFC6
:109EA000E49B00204C9C0020B49C00200C4B0D4AED
:109EB0000D4810B504211A600022FFF795FF0A4BE8
:109EC00001221C46092103F16800FFF78DFF04F110
:109ED000D0000222BDE810401221FFF785BF00BF6D
:109EE0001C9D0020559E0008E49B0020014800F0C6
:109EF000A0B900BF259D0020014800F09BB900BF1C
:109F0000259D002010B50446FFF7F0FF236A1BB122
:109F1000BDE81040FFF7F0BF044B2362044B1B6801
:109F2000002BF5D1FFF7C2FFF2E700BF6D9E0008DE
:109F30001C9D00202DE9F84307468846144600265C
:109F4000D4E90195B9F1010905D52468002CF7D1B0
:109F50003046BDE8F883AB89012B07D9B5F90E303F
:109F6000013303D029463846C04706436835E9E740
:109F70000CB430B5184B0C1E1D689DB008DA8B234D
:109F80002B604FF0FF301DB0BDE8304002B070478D
:109F90004FF40273ADF814304FF000031B9314BF5D
:109FA00004F1FF332346049307934FF6FF730290A7
:109FB0000690ADF81630209A21AB02A928460193ED
:109FC00001F0F2FA431CBCBF8B232B60002CDAD0CB
:109FD000029B00221A70D6E79401002010B50C46AF
:109FE000B1F90E1000F0D6F80028ABBF636DA3895D
:109FF0001B1823F48053ACBF6365A38110BD2DE90A
:10A00000F0411F468B89DB0505460C46164605D5F3
:10A01000B1F90E100223002200F0AAF8A389B4F9C6
:10A020000E1023F48053A38132463B462846BDE8F8
:10A03000F04100F0C1B810B50C46B1F90E1000F0B7
:10A0400097F8B4F90C30421C0BBF23F4805343F44F
:10A050008053A381A38118BF606510BDB1F90E10B4
:10A0600000F076B802440346934200D1704703F8EB
:10A07000011BF9E710B56AB10139841810F8012BFA
:10A0800011F8013F9A4203D1A04201D0002AF5D134
:10A09000D01A10BD1046FCE7164B70B51E68726CE6
:10A0A00004460D46F2B9502000F090FC0246706460
:10A0B00020B9114B11485B2100F0E4F80023C0E9FE
:10A0C0000033C0E90233C0E90433C0E90A33C0E910
:10A0D0000C33C0E90E33C0E91033C0E91233836199
:10A0E00003774362294620460123BDE8704000F013
:10A0F00007B800BF94010020A1DA0008B8DA000810
:10A10000F0B5044608B9146844B1204614F8015B60
:10A110000F4617F8016B1EB965B91560002005E000
:10A12000B542F6D1002BF0D114600370F0BD1C468F
:10A130000CE01DB9274614F8013B0E4616F8015BEA
:10A14000AB42F6D1002BF2D000233B701460EDE758
:10A1500038B5064D0023044608462B6002F0B2F8DD
:10A16000431C02D12B6803B1236038BD209D002021
:10A1700038B5074D04460846114600222A601A46A3
:10A1800002F0C8F8431C02D12B6803B1236038BD2C
:10A19000209D002038B5074D044608461146002290
:10A1A0002A601A4602F0BEF8431C02D12B6803B1A4
:10A1B000236038BD209D002038B5074D0446084671
:10A1C000114600222A601A4602F0C2F8431C02D14E
:10A1D0002B6803B1236038BD209D0020014B186817
:10A1E000704700BF9401002070B50D4B0D4D5B1BF7
:10A1F0009C100026A64209D103F0CCF80A4D0B4B67
:10A200005B1B9C100026A64205D170BD55F8043B8F
:10A2100098470136EEE755F8043B98470136F2E7D8
:10A2200078E5000878E5000878E500087CE5000896
:10A23000704770477047034611F8012B03F8012B54
:10A24000002AF9D170470A44914200F1FF3300D14E
:10A25000704710B511F8014B03F8014F9142F9D145
:10A2600010BD0000000000009FED010B704700BF13
:10A27000000000000000F87F9FED010A704700BF5A
:10A280000000C07F1FB514461A46094B1B680546DF
:10A29000D8684CB1074B0091CDE9013406492B46F3
:10A2A00001F0B6FC01F0F0FC044B1C46F3E700BFE4
:10A2B000940100201BDB000828DB00084ED40008B6
:10A2C00038B50546002941D051F8043C0C1F002B3D
:10A2D000B8BFE41800F036FC1D4A136833B9636058
:10A2E00014602846BDE8384000F032BCA34208D9CB
:10A2F000206821188B4201BF19685B68091821602A
:10A30000EDE71A465B680BB1A342FAD91168501801
:10A31000A0420BD120680144501883421160E0D163
:10A3200018685B68536008441060DAE702D90C23B0
:10A330002B60D6E7206821188B4204BF19685B6840
:10A34000636004BF091821605460CAE738BD00BFCC
:10A350002C9D00200369B3EB611F2DE9F0434FEA08
:10A36000611200F1140445DD11F01F0104EB8306B6
:10A3700004EB82050CD100F110072946B14234D319
:10A380009B1A9B00EA1E964238BF0023234415E027
:10A3900054F82270C1F12008CF4005F1040EA14607
:10A3A0007645F44615D89A1A9200043A0135AE4221
:10A3B00038BF0022A318A75007B104331A1BA342C9
:10A3C0004FEAA20208BF0023026108BF4361BDE853
:10A3D000F083DCF800C00CFA08FC4CEA070749F8E7
:10A3E000047B5EF8047BCF40DAE751F804CB47F8F2
:10A3F00004CFC3E72346E1E7A0F13003092B02D8DD
:10A400002038C0B27047A0F16103052B01D847384E
:10A41000F7E7A0F14103052B01D82738F1E7002029
:10A42000704700002DE9F04F85B08A4602930B6813
:10A43000019090469C1CA14614F8010B3028FAD0DC
:10A44000A9EB0303A3F1020BFFF7D6FF0546002893
:10A4500068D1A04901224846FFF70CFE07460028B4
:10A4600067D199F801002646FFF7C6FF002862D0A1
:10A47000234618783028994603F10103F9D0FFF7F5
:10A48000BBFFB0FA80F56D094FF0010B4A46164646
:10A4900001323078FFF7B0FF0028F8D18D49012252
:10A4A0003046FFF7E7FD00283FD144B9741C22462F
:10A4B000164601323078FFF79FFF0028F8D1A41B21
:10A4C000A700337803F0DF03502B3ED173782B2B9A
:10A4D00033D02D2B34D0711C00240878FFF78CFF6B
:10A4E000431EDBB2182B30D8A0F1100211F8010F77
:10A4F000FFF782FF00F1FF3C5FFA8CFCBCF1180F04
:10A500004FF00A031ED904B152421744CAF8001092
:10A51000EDB1BBF1000F0CBF06250025284605B0A4
:10A52000BDE8F08F00252C46B0E7002CC7D12746A8
:10A53000C7E74E462F460125C3E70024B11CCCE7F0
:10A540000124FBE703FB0200CEE73146DEE7A6EB82
:10A550000903013B2946072B0ADC019800F0FEFAAB
:10A56000044640B95C4B0246E4215C48FFF78AFE92
:10A5700001315B10EFE700F1140A002355469B46BA
:10A58000B14537D345F804BBA5EB0A05AD102561ED
:10A59000584600F0D3FB6D01D8F800602D1AB54283
:10A5A00054DDAD1B2946204600F06FFF814678B18F
:10A5B0006B1E591103F01F025AF821104FF00109C8
:10A5C00009FA02F20A4203D04B4536DC4FF0020989
:10A5D00029462046FFF7BEFE2F44D8F80830BB427C
:10A5E00042DA0198214600F0F7FA0E9A0023136030
:10A5F000A32593E716F8012D2E2A12D0202B04D183
:10A6000045F804BB4FF0000B5B4630780393FFF72F
:10A61000F3FE039B00F00F0098404BEA000B04335D
:10A62000AEE7B145EAD82B49039301223046FFF744
:10A6300021FD039B0028E1D1A2E7A91E204600F0DE
:10A6400024FF0028C2D04FF00309C1E709DA751BC7
:10A65000214601982A4600F0D9FC7F1B044600F1F0
:10A66000140A4FF00009B8E7D8F80450BD426FDD76
:10A67000ED1BAE4234DCD8F80C30022B22D0032B79
:10A6800024D0012B15D1AE4213D1012E0BD1029A49
:10A69000D8F80430136001232361CAF800300E9B00
:10A6A00062251C603AE7711E204600F0EEFE00288D
:10A6B000EDD10198214600F08FFA0E9A0023136025
:10A6C00050252BE70F9B002BF3D1E0E70F9B002BCE
:10A6D000DDD1EEE793DA000857DB000868DB0008FD
:10A6E0006F1EB9F1000F30D127B13946204600F076
:10A6F000CCFE81467A1101235AF8222007F01F0769
:10A70000BB4013422946204618BF49F00209FFF713
:10A7100021FED8F80470761B0225B9F1000F47D04E
:10A72000D8F80C30022B15D0032B17D0012B09D1F0
:10A7300019F0020F06D0DAF8003049EA030919F0DF
:10A74000010F0ED145F0100532E04FF00109D1E7BD
:10A750000125E2E70F9BC3F101030F930F9B002B31
:10A76000F0D0D4F810B004F114034FEA8B0A03EBD5
:10A770008B014FF0000C184653F8042BB2F1FF3F49
:10A780001BD001320260022D04F114033CD1D8F831
:10A790000020013AB24209D17111012253F821304F
:10A7A00006F01F0602FA06F61E423AD145F02005D1
:10A7B0000E9B1C60029B1F60B0E6994243F804CCDC
:10A7C000D9D8A3689B4517DB61680198013100F077
:10A7D000C5F9814618B91A4B02468421C5E622699B
:10A7E000023204F10C0192000C30FFF72CFD2146DF
:10A7F000019800F0F1F94C4623695A1C04EB8303DD
:10A80000226101225A61BEE722695A450BDD01210E
:10A810002046FFF79FFDD8F808300137BB42FFF60E
:10A82000E0AE0125C2E716F01F06FAD05344C6F188
:10A83000200653F8040C00F081FAB042E7DBF0E7A1
:10A8400057DB0008C2F10802920070B5C2F1200681
:10A850004368046803FA06F52C43D340046040F8CB
:10A86000043F8842F4D370BD30B50368013311F85A
:10A87000014B14B90360012030BD13F8012BA2F184
:10A880004105192D98BF2032A242F0D00020F3E7F5
:10A890002DE9F04F0B6801685E1102EB860613F09C
:10A8A0001F0387B018BF04360025371F8246904625
:10A8B000019346F8045CB9463C460295AB464A789B
:10A8C0004B1C039342B3104605910492FFF794FD8D
:10A8D000002853D1049A0599202A18D8029B9B4539
:10A8E00013DD4C4506D2072D04DC2A464946204696
:10A8F000FFF7A8FF444554D90023A4F1040944F804
:10A90000043CCDF808B04C461D460399D7E7292AE8
:10A9100059D10231CAF80010BBF1000F53D04C4599
:10A9200006D2072D04DC2A4649462046FFF78AFF57
:10A93000444538D9A8F10402234653F8041B42F8D1
:10A94000041F9F42F9D23B1B23F003030134033E53
:10A95000B44288BF002308F10402134400211A46C0
:10A9600004339F421160FAD23B681BB9474528D196
:10A9700001233B60052007B0BDE8F08F0135082DAD
:10A980000BF1010B06DD4445BFD9002344F8043C1C
:10A990000125043C226800F00F0040EA021020600C
:10A9A000B3E70825B1E7019B002BDDD0C3F12003FD
:10A9B0004FF0FF32DA4056F8043C134046F8043CAE
:10A9C000D2E7043FD0E70420D5E70000024B014660
:10A9D000186800F025B800BF9401002070B50F4E34
:10A9E0000C463168054611B901F03EF93060214648
:10A9F000284601F039F9431C03D14FF0FF342046BB
:10AA000070BDC41C24F00304A042F8D0211A2846CB
:10AA100001F02AF90130F2D1EFE700BF289D0020B4
:10AA20002DE9F843CD1C25F0030508350C2D38BF62
:10AA30000C25002D064601DBA94204D90C23336006
:10AA40000020BDE8F883DFF8D48000F07BF8D8F868
:10AA500000301C4644BB29463046FFF7BFFF431C6D
:10AA6000044658D1D8F800402746002F43D1002C87
:10AA70004BD023683946304604EB030901F0F4F863
:10AA8000814542D121686D1A29463046FFF7A6FF5D
:10AA900001303AD023682B442360D8F800305A683C
:10AAA00062BBC8F800700FE02268521B20D40B2A4A
:10AAB00017D96119A342256018BF5960636808BFA0
:10AAC000C8F8001062514B60304600F041F804F1C4
:10AAD0000B00231D20F00700C21A1CBF1B1AA35035
:10AAE000AFE76268A3420CBFC8F800205A60EBE7EA
:10AAF00023466468AEE73C467F68B6E71A465B6863
:10AB0000A342FBD100235360DEE70C2333603046C1
:10AB100000F01EF894E70560D6E700BF2C9D0020EA
:10AB200082B001B901A942B14BB113780B60127820
:10AB3000101E18BF012002B070471046FBE76FF0EF
:10AB40000100F8E70148FFF774BB00BF249D002017
:10AB50000148FFF76FBB00BF249D002070B5C4699A
:10AB600005460E4684B91020FFF730FF0446E86121
:10AB700028B90246164B17486B21FFF783FB0023C9
:10AB8000C0E901330360C360E36853B921220421A3
:10AB9000284601F080F8EB69E060DB680BB9002023
:10ABA00070BD53F8260030B1026843F82620002318
:10ABB000C0E90333F4E7012101FA06F4621D9200B3
:10ABC000284601F068F80028E9D0C0E90164EEE702
:10ABD000A1DA0008C9DB000870B5C66905460C4655
:10ABE00076B91020FFF7F2FE0246E86120B9094B62
:10ABF00009488F21FFF746FBC0E901660660C66081
:10AC00003CB1EB696268DB6853F82210216043F8BD
:10AC1000224070BDA1DA0008C9DB00082DE9F0412F
:10AC20000D6907460C461E4601F1140C0020DCF8A5
:10AC3000003099B202FB01611E0C0B0C02FB0633C3
:10AC400089B2013001EB034185424CF8041B4FEA05
:10AC50001346ECDC0EB3A368AB4219DC61683846DE
:10AC60000131FFF77BFF804628B902460C4B0D48A7
:10AC7000BA21FFF707FB2269023204F10C019200AE
:10AC80000C30FFF7E0FA21463846FFF7A5FF4446AF
:10AC900004EB850301355E6125612046BDE8F08146
:10ACA00057DB0008C9DB00082DE9F8430C461546C0
:10ACB0001F4609220833064693FBF2F300210122C6
:10ACC0009A4209DB3046FFF749FF40B90246194B6B
:10ACD0001948D321FFF7D6FA52000131F0E7089B5B
:10ACE0004361092D4FF00103036116DD04F10908EA
:10ACF000C1462C4419F8013B0146303B0A2230463C
:10AD0000FFF78CFFA145F5D1A844A8F108042D1B3D
:10AD100063199F4204DCBDE8F8830A340925F6E78D
:10AD200014F8013B0146303B0A223046FFF776FF1C
:10AD3000EEE700BF57DB0008C9DB0008B0F5803F35
:10AD4000034636BF030400201020B3F1807F3CBFD0
:10AD50001B020830B3F1805F3CBF1B010430B3F12C
:10AD6000804F3CBF9B000230002B05DB13F0804F6F
:10AD700000F1010008BF202070470368024613F06D
:10AD800007000BD0D90721D4980749BF5B089B085F
:10AD9000012013605CBF13600220704799B209B9AB
:10ADA0001B0C1020D9B209B908301B0A190704BFBF
:10ADB0001B090430990704BF9B080230D90703D44C
:10ADC0005B0800F1010003D013607047002070475A
:10ADD0002020704710B50C460121FFF7BFFE024648
:10ADE00028B9054B054840F24511FFF74BFA0123FE
:10ADF0004461036110BD00BF57DB0008C9DB0008D8
:10AE00002DE9F04FD1F81090D2F810A0D14585B0BF
:10AE10008846144604DB53460C46CA46904699467B
:10AE2000A36861680AEB0906B342B8BF0131FFF7B6
:10AE300095FE30B90246454B45484FF4B171FFF7D6
:10AE400021FA00F1140505EB86072B460022BB42D0
:10AE50001FD304F1140C08F114010CEB8A0301EB6D
:10AE6000890202921A1B153A22F0030215349C4201
:10AE700088BF00220192029A03918A420CD8002EC8
:10AE800003DD57F8043D002B5DD0066105B0BDE839
:10AE9000F08F43F8042BDAE7B1F800A0BAF1000F05
:10AEA00024D0E046A9464FF0000E58F8042BD9F8FC
:10AEB00000401FFA82FBA4B20AFB0B444FEA124B7C
:10AEC000D9F8002074444FEA124E0AFB0BE202EB61
:10AED0001442A4B244EA0244434549F8044B4FEA01
:10AEE000124EE2D8019AAA18C2F804E0039AB2F806
:10AEF00002800431B8F1000F23D02A68E64691465B
:10AF0000AA464FF0000BBEF8004008FB04B404EB67
:10AF1000194492B242EA04424AF8042B5EF8042B28
:10AF2000DAF800904FEA124B1FFA89F208FB0B2265
:10AF300002EB144273454FEA124BE4D8019C2C19E2
:10AF40006260043597E7013E99E700BF57DB0008D0
:10AF5000C9DB00082DE9F843174612F003028046CA
:10AF60000D4607D0264C013A002354F82220FFF763
:10AF700055FE0546BF103FD0D8F81C4094B91020AC
:10AF8000FFF724FD0446C8F81C0030B902461D4BEB
:10AF90001D4840F2B311FFF775F90023C0E90133F2
:10AFA0000360C360A66846B940F271214046FFF7CE
:10AFB00011FF0023A060064603602C464FF00009F5
:10AFC00007F001037F1053B1294632464046FFF790
:10AFD00017FF214605464046FFF7FEFD67B1306882
:10AFE00038B9324631464046FFF70AFF3060C0F8B4
:10AFF000009006462C46E3E72846BDE8F88300BFEC
:10B000006CE00008A1DA0008C9DB00082DE9F84F60
:10B010000C464968236903EB6218A3680746154686
:10B020004FEA621A08F101094B450BDB3846FFF77E
:10B0300095FD064648B90246294B2A484FF4EF7160
:10B04000FFF720F901315B00EEE7002300F1140C5B
:10B0500000F110021946534535DB22692AEAEA7AE3
:10B060000CEB8A0C04F1140315F01F0E614603EB80
:10B0700082022CD0CEF1200A002518688B4600FAF7
:10B080000EF02843CBF8000053F8045B9A4201F11C
:10B09000040125FA0AF5F0D8131B153B23F003032E
:10B0A00004F115018A4238BF00239C44CCF80450B7
:10B0B00005B9C1463846C6F810902146FFF78CFD09
:10B0C0003046BDE8F88F42F8041F0133C3E753F858
:10B0D000045B0D609A4201F10401F8D8E9E700BF72
:10B0E00057DB0008C9DB00080A6903460069801ABB
:10B0F00030B50ED11433143103EB820401EB82011D
:10B1000054F8045D51F8042D954203D005D24FF058
:10B11000FF3030BDA342F3D3FBE70120F9E7000085
:10B120002DE9F74F8A460646114650461446FFF76A
:10B13000DBFF051E12D129463046FFF70FFD024600
:10B1400028B9414B40F237214048FFF79BF80123D3
:10B15000C0E90435104603B0BDE8F08FBCBF5346CC
:10B16000A2463046DAF80410BABF1C460125002575
:10B17000FFF7F4FC024618B9334B40F24521E3E7F0
:10B18000DAF810702669C5600AF1140904F1140E8A
:10B1900000F114050AF1100309EB87080EEB86068F
:10B1A0000193AB464FF0000C019B5EF8040B53F883
:10B1B00004AF01931FFA8AF3194683B2CB1A000C2D
:10B1C0006344C0EB1A4000EB23409BB243EA0043C8
:10B1D00076454BF8043B4FEA204CE5D8331B153B32
:10B1E000153423F00303A64238BF0023E8184B446C
:10B1F0001C1D04302646A5EB0905464506EB050E49
:10B200000ED308F10301091B21F003010133984516
:10B2100038BF0021014451F8043D9BB1176199E703
:10B2200056F8041BE2464FEA11491CFA81FC5144CE
:10B2300009EB2C4989B241EA09414FEA294CCEF881
:10B240000010DAE7013FE6E757DB0008C9DB00083A
:10B2500082B08DED000B019A0F4B1340A3F1507398
:10B26000002B08DC5B42B3F1A07F4FEA235204DAE3
:10B270004FF400231341002208E0A2F114031E2B17
:10B28000DABF4FF00042DA4001220023194610468F
:10B2900041EC100B02B070470000F07F2DE9F04147
:10B2A000066900F1140808EB8606371F56F8042CCF
:10B2B0001046FFF743FDC0F120030A280B601B492D
:10B2C00015DCC0F10B0C22FA0CF3B84543EA01057A
:10B2D00034BF56F8083C0023153002FA00F023FA78
:10B2E0000CF303431C4645EC104BBDE8F081B84518
:10B2F0003ABF56F8083CA6F1080700230B3812D0D5
:10B30000C0F1200123FA01F482402243474542F074
:10B310007F558CBF57F8042C00228340CA4045F467
:10B3200040151343DEE742EA0105DBE70000F03F8A
:10B330002DE9F7430F46012159EC108B1646FFF714
:10B340000DFC044630B90246234B244840F20F312D
:10B35000FEF798FFC9F30A55C9F313030DB143F47F
:10B3600080130193B8F1000323D068460093FFF7E0
:10B3700004FD0099D8B1019AC0F1200302FA03F349
:10B380000B43C24063610192019BA361002B0CBF80
:10B39000012202222261A5B1A5F2334505443D6098
:10B3A000C0F135003060204603B0BDE8F083616134
:10B3B000EAE701A8FFF7E1FC019B6361203001226D
:10B3C000E8E704EB8203A0F2324038601869FFF727
:10B3D000B5FCC0EB4210E5E757DB0008C9DB00080D
:10B3E0002DE9F04F85B0CDE9001002A9FFF756FF17
:10B3F000009803A955EC104BFFF750FF019B19690A
:10B40000009B1B69C91ADDE902329B1A5BEC10AB89
:10B4100003EB4113002BCEBF2A46C3EB03335A463E
:10B420002F46D946CCBF02EB035702EB03594B46DC
:10B43000524620463946F5F7B1F941EC100B05B0FC
:10B44000BDE8F08F013970B549111469013102F17D
:10B45000140300EB810103EB8404051FA3420CD30A
:10B46000A31A113B23F003031132944238BF002387
:10B4700018440023884205D370BD53F8046B45F887
:10B48000046FEBE740F8043BF4E700F114020069B5
:10B490004B11984210B511DB0ADD11F01F0107D0E6
:10B4A00052F8234024FA01F000FA01F18C420BD14A
:10B4B00002EB8303934203D8002010BD0346F7E755
:10B4C00053F8041D0029F5D00120F6E7034608468D
:10B4D00041B1FF2A04D98A221A604FF0FF30704729
:10B4E0000A70012070472DE9F0478E681F46BE4262
:10B4F00082460C469046334653D8B1F90C0010F4FE
:10B50000906F2BD065692368096905EB4505A3EBAE
:10B51000010905EBD5757B1C6D104B44AB422A46E7
:10B5200084BF1D462A46430527D511465046FFF7DE
:10B5300077FA064658B321694A46FEF784FEA38986
:10B5400023F4906343F08003A381266165614E4438
:10B55000A5EB09052660A5603E463B461F462068D0
:10B560003A46414600F066FBA3689B1BA360236834
:10B570003B4423600020BDE8F087504600F09FFB6D
:10B5800006460028E1D121695046FEF799FE0C23BA
:10B59000CAF80030A38943F04003A3814FF0FF3085
:10B5A000E9E73E46DBE700002DE9F04F98468B893E
:10B5B0001B069DB007460D46144610D50B6973B99E
:10B5C0004021FFF72DFA2860286130B90C233B6039
:10B5D0004FF0FF301DB0BDE8F08F40236B610023BA
:10B5E000099320238DF82930CDF80C803023DFF823
:10B5F0009C818DF82A304FF0010923469A4613F8B2
:10B60000012B0AB1252AF9D1BAEB040B0BD05B460A
:10B61000224629463846FFF766FF013000F0A78032
:10B62000099A5A4409929AF80030002B00F09F8042
:10B6300000234FF0FF32CDE905230AF1010A0493FC
:10B6400007938DF853301A935446052214F8011BC2
:10B650004E48F5F765FA049AD8B9D00644BF2023BE
:10B660008DF85330110744BF2B238DF853309AF8CF
:10B6700000302A2B15D0079A544600204FF00A0CB0
:10B68000214611F8013B303B092B4BD9B0B1079251
:10B6900014E0A0EB080309FA03F313430493A24652
:10B6A000D2E7039B191D1B680391002BBBBF5B42B4
:10B6B00042F0020207930793B8BF049223782E2B1F
:10B6C0000AD163782A2B32D1039B1A1D1B6803927F
:10B6D00043EAE37302340593DFF8C0A02178032224
:10B6E0005046F5F71DFA38B1049BA0EB0A00402242
:10B6F000824013430134049314F8011B24488DF84D
:10B7000028100622F5F70CFA002836D0214B1BBB77
:10B71000039B073323F0070308330393099B334448
:10B7200009936AE70CFB02320C460120A8E70023CC
:10B730000134059319464FF00A0C204610F8012BEE
:10B74000303A092A03D9002BC6D00591C4E70CFB77
:10B75000012104460123F0E703AB00932A460E4B78
:10B7600004A93846AFF30080421C0646D6D1AB8907
:10B770005B063FF52DAF09982CE703AB00932A46F3
:10B78000054B04A9384600F079F8EDE723DC000802
:10B790002DDC000800000000E7B4000829DC0008E8
:10B7A0002DE9F047164698468A680B69DDF8209027
:10B7B0009342B8BF1346336091F8432007460C46C6
:10B7C0000AB1013333602368990642BF33680233FC
:10B7D0003360256815F0060506D104F1190AE368FF
:10B7E00032689B1AAB4226DC94F843302268003B57
:10B7F00018BF012392062BD404F143024146384678
:10B80000C84701301ED02368226903F00603042BC9
:10B8100002BFE5683368ED1AA3680CBF25EAE57539
:10B8200000259342C4BF9B1AED1800261A34B54276
:10B830001AD1002008E00123524641463846C84745
:10B84000013003D14FF0FF30BDE8F0870135C6E786
:10B85000E1185A1C302081F84300224494F8451026
:10B8600082F843100233C7E7012322464146384697
:10B87000C8470130E6D00136D9E700002DE9FF477F
:10B880000F7E0C9E782F914680460C469A4601F119
:10B89000430207D8622F0AD8002F00F0D280582F19
:10B8A00000F0B78004F1420684F842703AE0A7F154
:10B8B0006303152BF6D801A151F823F015B9000840
:10B8C00029B90008A5B80008A5B80008A5B800085F
:10B8D000A5B8000829B90008A5B80008A5B800084F
:10B8E000A5B80008A5B8000829BA000853B900088F
:10B8F000DFB90008A5B80008A5B800084BBA0008D1
:10B90000A5B8000853B90008A5B80008A5B80008F4
:10B91000E7B9000833681A1D1B68326004F142065B
:10B9200084F8423001239DE033682068191D31609E
:10B93000060601D51D6803E04506FBD5B3F90050A6
:10B94000002D03DA2D236D4284F8433059480A2331
:10B9500010E021683368080653F8045B02D44906F6
:10B9600048BFADB26F2F5348336059D1082300212F
:10B9700084F843106668A660002E05DB21682E431C
:10B9800021F0040121604DD01646B5FBF3F103FB15
:10B990001157C75D06F8017D2F46BB420D46F4D90D
:10B9A000082B0BD12368DF0708D52369616899420A
:10B9B000DEBF302306F8013C06F1FF36921B226100
:10B9C000CDF800A04B4603AA21464046FFF7E8FE0B
:10B9D00001304CD14FF0FF3004B0BDE8F087236850
:10B9E00043F0200323603448782784F845702368A7
:10B9F00031681F0651F8045B02D45F0648BFADB240
:10BA00003160D90744BF43F0200323601DB11023E8
:10BA1000ADE72848E9E7236823F020032360F6E731
:10BA20000A23A4E71646BBE7336825686169181D39
:10BA300030602E061B6801D5196002E06806FBD550
:10BA40001980002323611646BAE733681A1D326055
:10BA50001E68626800213046F5F762F808B1801B65
:10BA6000606063682361002384F84330A8E723699A
:10BA7000324649464046D0470130ABD023689B0749
:10BA800013D4E068039B9842B8BF1846A4E701238B
:10BA9000324649464046D04701309BD00135E368E5
:10BAA00003995B1AAB42F2DCEBE7002504F11906BF
:10BAB000F5E700BF34DC000845DC0008B1F90C20D4
:10BAC0002DE9F041160705460C4651D44B68002B72
:10BAD00002DC0B6C002B49DDE66A002E46D0002309
:10BAE00012F480522F682B6031D0626DA389590700
:10BAF00005D56368D21A636B0BB1236CD21A00238D
:10BB0000E66A216A2846B047421CB4F90C3006D1D7
:10BB100029681D2946D8294ACA40D60742D500229D
:10BB20006260D9042269226004D5421C01D12B68CD
:10BB300003B96065616B2F60C1B104F144039942A0
:10BB400002D02846FEF7BCFB002363630EE0216AA7
:10BB500001232846B0470246501CC7D12B68002B52
:10BB6000C4D01D2B01D0162B1AD12F6000201EE04F
:10BB70000F69002FFAD093070E6808BF4B690F605A
:10BB800018BF0023A6EB07088B60B8F1000FEDDDAE
:10BB9000216AA66A43463A462846B047002808DC90
:10BBA000B4F90C3043F04003A3814FF0FF30BDE8FF
:10BBB000F0810744A8EB0008E7E700BF0100402040
:10BBC00038B50B6905460C4613B90025284638BD23
:10BBD00018B1036A0BB9FEF795F9B4F90C30002BD4
:10BBE000F3D0626ED00704D4990502D4A06DFEF79D
:10BBF00020FB28462146FFF761FF636EDA07054602
:10BC0000E4D4A3899B05E1D4A06DFEF713FBDDE727
:10BC10000EB403B5014603AB054853F8042B006886
:10BC2000019300F0A3F802B05DF804EB03B0704795
:10BC300094010020884210B501EB020402D984422D
:10BC4000234607D8431EA14207D011F8012B03F861
:10BC5000012FF8E70244824200D110BD13F8011D04
:10BC600002F8011DF7E7000038B5064D0023044631
:10BC700008462B6000F05EFB431C02D12B6803B129
:10BC8000236038BD209D002008B5062000F040FA52
:10BC9000012000F065FB70B5A1FB025434B92946C0
:10BCA000FEF7BEFE064628B9304670BD0C22026083
:10BCB0000026F9E72A462146FEF7D4F9F4E72DE9F4
:10BCC000F041074614460D4621B9BDE8F041114642
:10BCD000FEF7A6BE2AB9FEF7F3FA25462846BDE8C8
:10BCE000F08100F031FA8442064602D8B4EB500FDE
:10BCF000F4D821463846FEF793FE804608B94546FB
:10BD0000ECE7B4422246294628BF3246FEF79BFAAA
:10BD100029463846FEF7D4FAF1E79368013B002B39
:10BD200010B4936008DA9469A34201DB0A2903D1B5
:10BD30005DF8044B00F032B91368581C106019709C
:10BD400008465DF8044B7047F8B506460F461446A2
:10BD5000D518AC4201D1002007E014F8011B3A4687
:10BD60003046FFF7DAFF431CF3D1F8BD2DE9F04F61
:10BD70000D469DB014469846064618B1036A0BB9A5
:10BD8000FEF7C0F86B6ED90705D4AB899A0502D4CB
:10BD9000A86DFEF74EFAAB891B0701D52B699BB93D
:10BDA0002946304600F038F970B16B6EDC0704D5D7
:10BDB0004FF0FF301DB0BDE8F08FAB899805F7D488
:10BDC000A86DFEF737FAF3E70023099320238DF8D7
:10BDD0002930CDF80C803023DFF8AC818DF82A3083
:10BDE0004FF0010923469A4613F8012B0AB1252A80
:10BDF000F9D1BAEB040B0BD05B46224629463046FC
:10BE0000FFF7A2FF013000F0A780099A5A44099277
:10BE10009AF80030002B00F09F8000234FF0FF3293
:10BE2000CDE905230AF1010A049307938DF85330F5
:10BE30001A935446052214F8011B5348F4F770FE78
:10BE4000049AD8B9D10644BF20238DF85330130784
:10BE500044BF2B238DF853309AF800302A2B15D08D
:10BE6000079A544600204FF00A0C214611F8013B76
:10BE7000303B092B4BD9B0B1079214E0A0EB08037B
:10BE800009FA03F313430493A246D2E7039B191D57
:10BE90001B680391002BBBBF5B4242F00202079379
:10BEA0000793B8BF049223782E2B0AD163782A2BEC
:10BEB00032D1039B1A1D1B68039243EAE3730234D9
:10BEC0000593DFF8D4A0217803225046F4F728FE2A
:10BED00038B1049BA0EB0A00402282401343013496
:10BEE000049314F8011B29488DF828100622F4F752
:10BEF00017FE00283FD0264B1BBB039B073323F0C4
:10BF0000070308330393099B3B4409936AE70CFB3F
:10BF100002320C460120A8E700230134059319469C
:10BF20004FF00A0C204610F8012B303A092A03D9A9
:10BF3000002BC6D00591C4E70CFB01210446012368
:10BF4000F0E703AB00932A46124B04A93046AFF347
:10BF500000800746781CD6D16B6ED90705D4AB8913
:10BF60009A0502D4A86DFEF765F9AB895B063FF52B
:10BF70001FAF09981EE703AB00932A46054B04A99F
:10BF80003046FFF77BFCE4E723DC00082DDC0008EB
:10BF90000000000049BD000829DC0008F8B50E4685
:10BFA0001446054618B1036A0BB9FDF7ABFFA36948
:10BFB000A360A3891A0701D5236943B921462846FE
:10BFC00000F02AF818B14FF0FF373846F8BD236863
:10BFD0002269981A6369F6B28342374605DC214626
:10BFE0002846FFF7EDFD0028EDD1A368013BA360D3
:10BFF00023685A1C22601E706269431C9A4204D056
:10C00000A389DB07E1D50A2EDFD121462846FFF7B9
:10C01000D7FD0028D9D0D6E738B5284B0546186893
:10C020000C4618B1036A0BB9FDF76CFFB4F90C307C
:10C030001A0721D4D80607D409222A6043F0400306
:10C04000A3814FF0FF3030E0590712D5616B41B149
:10C0500004F14403994202D02846FEF731F9002347
:10C0600063630022B4F90C3062602269226023F01D
:10C07000240343F00803A38122693AB99A0501D544
:10C08000180603D52146284600F08AF8B4F90C308A
:10C0900013F001020AD00022A26062695242A2613A
:10C0A000226942B913F08000C8D138BD990758BF42
:10C0B0006269A260F4E70020F7E700BF9401002066
:10C0C0001F2938B505460C4604D9162303604FF0E6
:10C0D000FF3038BDC26B12B152F821304BB928463F
:10C0E00000F030F8224601462846BDE8384000F00E
:10C0F00017B8012B0AD0591C03D116230360012065
:10C10000E7E7002142F82410204698470020E0E7A6
:10C11000024B01461868FFF7D3BF00BF940100200F
:10C1200038B5074D00230446084611462B6000F041
:10C13000E9F8431C02D12B6803B1236038BD00BF6E
:10C14000209D002000F0CEB851F8043C181F002BB1
:10C15000BCBF0B58C018704770B50C46B1F90E1033
:10C16000002996B015461E460ADAA18911F0800111
:10C1700013D14FF48062002031602A6016B070BD88
:10C180006A4600F047F80028EFDB019901F470419E
:10C19000A1F5005359425941EBE700214022EAE75B
:10C1A0008B8973B59E0705460C4607D504F14703F6
:10C1B000236023610123636102B070BD01AB6A4655
:10C1C000FFF7CAFF009E28463146FEF729FCB4F966
:10C1D0000C3038B99A05EFD423F0030343F002037F
:10C1E000A381E3E743F08003A381019B2060C4E9BE
:10C1F0000406002BE0D0B4F90E10284600F01CF81D
:10C200000028D9D0A38923F0030343F00103A381BD
:10C21000D2E7000038B5074D002304460846114612
:10C220002B6000F057F8431C02D12B6803B1236048
:10C2300038BD00BF209D002038B5064D00230446C0
:10C2400008462B6000F056F8431C02D12B6803B15E
:10C25000236038BD209D002038B50022002304460D
:10C260000D46F4F7E3FB28B920462946BDE83840DF
:10C2700000F00AB8204605F1004100F005F8404200
:10C2800061EB410138BD00BFD0B50C4B0022064622
:10C290000F46F4F759F9F4F7F1FB0446F4F7DAF82E
:10C2A000074B0022F4F750F902460B463046394658
:10C2B000F3F792FFF4F7E2FB2146D0BD0000F03D1A
:10C2C0000000F041024B58221A604FF0FF307047D7
:10C2D000209D0020024B58221A604FF0FF3070471B
:10C2E000209D0020024B58221A604FF0FF3070470B
:10C2F000209D0020024B58221A600020704700BF8A
:10C30000209D0020024B58221A604FF0FF307047EA
:10C31000209D0020024B58221A604FF0FF307047DA
:10C32000209D0020024B58221A604FF0FF307047CA
:10C33000209D0020044A05491368002B08BF0B46C6
:10C340001844106018467047309D0020389D00202A
:10C35000024B58221A604FF0FF307047209D00209A
:10C36000FEE700BF00F062B908B52DED028BB0EE1C
:10C37000408A00F08DF8B4EE488AF1EE10FA06D645
:10C38000DFED098AB4EEE88AF1EE10FA02D4BDECD2
:10C39000028B08BDFDF722FF88EEA80ABDEC028BD8
:10C3A0002123036008BD00BF0000000010EE103A1A
:10C3B000184923F000428A421AD9B2F1FF4F02D342
:10C3C00030EE400A704700B583B0684600F0D4F9FB
:10C3D00000F0030001289DED000ADDED010A10D0F8
:10C3E000022809D090B900F057F803B05DF804FBBB
:10C3F000DFED090A00F050B800F04EF8B1EE400A47
:10C40000F3E700F0CBF8B1EE400AEEE7012000F0D0
:10C41000C5F8EAE7D80F493F0000000010EE103AD7
:10C42000194923F000428A421BD9B2F1FF4F02D3CF
:10C4300030EE400A704700B583B0684600F09CF9C2
:10C4400000F0030001289DED000ADDED010A13D084
:10C4500002280BD098B9012000F0A0F803B05DF8D5
:10C4600004FBDFED0A0A002000F098B8012000F07C
:10C4700095F8B1EE400AF1E700F00EF8EEE700F0B3
:10C480000BF8B1EE400AE9E7D80F493F0000000081
:10C49000B1EEC00A704700BF10EE103A23F000431F
:10C4A000B3F1485F2CD2FDEEC07A17EE903A002B24
:10C4B00060D060EE007A9FED317A9FED315ADFED6A
:10C4C000315A9FED316ADFED316AA7EE875A9FED51
:10C4D000307AE7EE855AA7EEA56AA7EE867AE7EEF0
:10C4E000876A67EEA66A60EEC00AB6EE007AE7EEEB
:10C4F000A60AB7EE000AD7EE870A30EE600A704748
:10C5000060EE007A9FED1D7A9FED1D5ADFED1D5AFA
:10C510009FED1D6ADFED1D6A1E4AA7EE875A934202
:10C520009FED1B7AE5EE275AA5EEA76AA6EE277ABD
:10C53000E7EE276A66EEA76AD5D9174A934214D860
:10C5400003F17F4307EE103AB7EE006A36EE476A12
:10C5500060EEC00AF6EE005A97EEA57AE7EEA60A5C
:10C5600037EE607A36EE470A7047B6EE076AB5EEE8
:10C57000027AEDE7B7EE000A704700BF4ED747AD2D
:10C58000F6740F317CF293B4010DD037ABAA2A3D7B
:10C59000610BB6BA9999993E0000483F10EE103AE7
:10C5A00023F00043B3F1485F04D2FDEEC07A17EEEA
:10C5B000903A5BB360EE007A9FED157ADFED155A85
:10C5C0009FED156ADFED156AE7EE875A9FED147A45
:10C5D000A5EEA76A20EE275AE6EE276AA6EEA77A0E
:10C5E00030B9DFED106AE7EE876AA6EE850A70477C
:10C5F00027EE457AF6EE006AA0EEA67ADFED0A6A2B
:10C60000D7EE270AE5EE260A30EE600A704700BF33
:10C61000D3C92E2F342FD7B21BEF3836010D50B9A6
:10C620008988083CABAA2ABEABAA2A3E10B582B0C4
:10C63000CDED010A019B23F00042B2F1FF4FF0EE75
:10C64000407A30D810EE100A20F00041B1F1FF4FCF
:10C6500029D8B3F17E5F3ED09C1704F0020444EA6F
:10C66000D07431B37AB3B2F1FF4F3FD0B1F1FF4F85
:10C6700029D0891AB1F1F45F4FEAE15233DA002B85
:10C6800041DA3C323FDA9FED330A012C4DD0022CC7
:10C6900042D064B19FED307ADFED307A30EE070A98
:10C6A00030EE670A03E09DED017A37EE270A02B00B
:10C6B00010BD022C0CD09FED2A7A032C08BFB0EEDF
:10C6C000470A02B010BD00280ADB9FED260AEEE7FC
:10C6D0009FED220AEBE702B0BDE8104000F082B9FE
:10C6E0009FED210AE3E79FED1F0ACEE7B1F1FF4F6F
:10C6F00004F1FF3420D0022C26D81C4B03EB84031A
:10C7000093ED000AD3E79DED017A87EE870A00F0EA
:10C710003BFA00F067F9B8E79FED0F7ADFED0F7A8B
:10C7200030EE070A37EEC00AC1E710EE103A03F107
:10C73000004300EE103ABAE7022C08D80C4B03EB8A
:10C74000840393ED000AB2E79FED020AAFE79FED85
:10C75000090AACE7000000002EBDBB33DB0F4940E7
:10C76000DB0F49C0DB0FC93FDB0FC9BF68E1000821
:10C7700074E10008DB0F493F70B510EE103A8B4AA8
:10C7800023F00044944286B0054671D9884A944209
:10C790001E4624D823F00042002BDFED867A86491E
:10C7A00022F00F02B0EE407A40F3E6808A4270EE4B
:10C7B000677A09BF9FED817ADFED816ADFED816ADB
:10C7C00077EEC77A37EEE67A77EEC77A80ED007AB1
:10C7D00077EEE67AC0ED017A012006B070BD7A4AA4
:10C7E000944253D9B4F1FF4F49D2E215863AA4EBF3
:10C7F000C25307EE903ABDEEE77ADFED746AB8EE09
:10C80000C77A77EEC77A8DED037A67EEA67ABDEE2A
:10C81000E77AB8EEC77A77EEC77A8DED047A67EEDD
:10C82000A67AF5EE407AF1EE10FACDED057A40F0F9
:10C830008E80B5EE407AF1EE10FA40F08A80012346
:10C84000634901910221009103A8294600F0A4F94F
:10C85000002EC2DA95ED007AD5ED017AB1EE477A75
:10C86000F1EE677A85ED007AC5ED017A4042B4E7D2
:10C87000002285ED000A4260002006B070BD70EE17
:10C88000407AC0ED017AC0ED007AF5E700F07CF95E
:10C890009FED507A9FED476AF6EE007AE0EE077A58
:10C8A0009FED477AFDEEE77AF8EEE76A17EE900A19
:10C8B000A6EEC60A1F2866EE877AB1EE666A30EEEB
:10C8C000677A1EDC444A411E26F0004352F82120BC
:10C8D00023F0FF03934214D085ED007A30EE470A2F
:10C8E000002E30EE670A85ED010ABFF676AFB1EE95
:10C8F000477AB1EE400A85ED007A85ED010A4042A3
:10C900006BE717EE103AC3F3C753C3EBD453082BAE
:10C910004FEAE452E0DD9FED297A9FED2A5AF0EECE
:10C92000405AE6EE075A70EE657AE6EE077AD6EEE2
:10C93000857A35EEE77A17EE103AC3F3C753D21A69
:10C94000192A08DCB0EE650A85ED007AC6E70323F4
:10C9500076E7022374E79FED217A9FED215AB0EE2E
:10C96000650AA6EE070A75EEC07AE6EE077AD6EEFD
:10C97000857A30EE677AAFE78A4270EE277A09BF90
:10C980009FED0E7ADFED0E6ADFED0E6A77EE877AA5
:10C9900037EEA67A77EEC77A80ED007A77EEA67A40
:10C9A000C0ED017A4FF0FF3017E700BFD80F493FC5
:10C9B000E3CB1640800FC93FD00FC93F0044353745
:10C9C0004344353708A3852E800F49430000804338
:10C9D00000E2000884F9223F80E1000800A3852ED0
:10C9E00032318D2438B510EE105A25F00044B4F1E0
:10C9F000A14FF0EE407A07D3B4F1FF4F55D8002D88
:10CA000077DD9FED4E0A38BD4D4B9C425CD8B4F1AA
:10CA1000445F4DD34FF0FF3327EEA76A9FED495A8D
:10CA20009FED497ADFED495ADFED494A66EE066A25
:10CA30005A1CA6EE857AE6EEA54A9FED465ADFED32
:10CA4000465AA7EE265AE4EEA65A9FED447ADFED49
:10CA5000444AA5EE267AE5EEA64A9FED425ADFED5E
:10CA6000425AA7EE265A9FED417AA4EEA67AE5EE49
:10CA7000265A27EE267AA5EE867A27EE877A3BD0CD
:10CA80003B493C4A01EB8301D1ED006A37EE667AFF
:10CA900002EB8303D3ED006A37EE677A002D36EEA2
:10CAA000C70AB0DAB1EE400A38BD30EE000A38BD30
:10CAB0009FED317A30EE077AF7EE006AB4EEE67A4F
:10CAC000F1EE10FAA6DD38BD00F05EF82B4B9C426B
:10CAD00015D8A3F5D0039C4226D8F0EE007ABFEE1D
:10CAE000007AA0EE277A002330EE270AC7EE007AFC
:10CAF00092E79FED230A38BD37EEC70A38BD214BB8
:10CB00009C420BD8F7EE087AB7EE007AA0EE277AAF
:10CB1000022330EE670AC0EE077A7DE7BFEE007AA7
:10CB2000C7EE007A032377E7F7EE007A30EE677AF4
:10CB300030EE270A0123C7EE007A6DE7DB0FC93F0D
:10CB4000FFFFDF3ED769853C59DA4B3D21A215BD79
:10CB50006BF16EBD356B883D95879DBD6E2EBA3DE0
:10CB6000388EE3BD2549123EABAAAA3ECDCC4CBEC1
:10CB700018E5000828E50008CAF24971FFFF973F51
:10CB8000DB0FC9BFFFFF1B4010EE103A23F000433C
:10CB900000EE103A704700BF2DE9F04F2DED048BE9
:10CBA000DBB01C46944603930A46BA4B68991CF1C5
:10CBB000040F53F82170824604F1FF39C0F2568207
:10CBC000BCF1030348BF0CF10403DB1002930133F3
:10CBD0004FEAC30EACEB0E030593029B17EB090063
:10CBE000A3EB090316D401309FEDAB7A699C18447E
:10CBF0001EA9002BA4BF54F8235007EE905A03F14E
:10CC00000103ACBFF8EEE77AF0EE477A8342E1EC3D
:10CC1000017AEED1002FC0F2E28203991EA800EB48
:10CC200081004FEA81087E18002346AD4C460AEB8E
:10CC30008101B9F1000F80F2C8800134B44245F897
:10CC4000043B00F10400F4D10DF1280B0BEB87033A
:10CC5000CDE9062E043B9FED929ADFED908A059870
:10CC600004930AEB080446AE0BEB87080097CDF857
:10CC700020C00DEB8703002F93ED460A4FEA87058E
:10CC800015DD73195A4660EE097AB0EE407AFDEE72
:10CC9000E77A73ED016AF8EEE77AB342A7EEE87A35
:10CCA00037EEA60ABDEEC77AA2EC017AEBD101906D
:10CCB00000F0B8FAF4EE007AB0EE408A20EE270ACF
:10CCC00000F01EFBF2EE007AA0EE678A01980028C1
:10CCD000FDEEC89AF8EEE97A38EE678A40F3828072
:10CCE000791EC0F108035BF821E04EFA03FC0CFA50
:10CCF00003F3AEEB030EC0F1070219EE903A4EFAC1
:10CD000002F26344002A09EE903A4BF821E000F366
:10CD1000AF80B5EE408AF1EE10FA74D1009B9F42CD
:10CD20000ADD5D44002355F8041D454543EA01032F
:10CD3000F9D1002B40F00281009B013B5BF82320DE
:10CD40007B1C9C46002A40F0F780049A012152F88F
:10CD5000045D0131002DFAD03944029D039A05EBA0
:10CD6000030E0EF1804E699D0EF1FF3E3A4405EB35
:10CD70008E0E1EAD06EB830705EB8205DEED017A14
:10CD8000F8EEE77AB9F1000F0EF1040EE5EC017A46
:10CD9000DFED417A09DB2A465346F3EC016A32EDB6
:10CDA000017AA342E6EE877AF7D10CF1010C8C45AB
:10CDB000E7EC017AE2DD0F465BE70134B442E5ECD3
:10CDC000017A00F104003FF43FAFDFED337A834690
:10CDD0005346F3EC016A3BED017A8B42E6EE877A2B
:10CDE000F7D1EAE700F09180F6EE007AB4EEE78A38
:10CDF000F1EE10FA80F22981B5EE408AF1EE10FAD8
:10CE00004FF000028AD09246DDE9062EDDF820C000
:10CE10000197AEEB0C00B0EE480A009F009200F0C4
:10CE200001FADFED1E6AB4EEE60AF1EE10FADDE972
:10CE30000023F0EE407AC0F29C819FED197A0599AB
:10CE400020EE077A0831BDEEC77A0591B8EEC77AB1
:10CE50005C1CE7EE667ABDEEC77AFDEEE77A17EE68
:10CE6000901A4BF8231017EE103A4BF824307EE05E
:10CE70000133002F09EE903A40F39D8159464FF05F
:10CE8000000E51F8043B002B39D0C3F5807341F8F4
:10CE9000043C0CE064E50008000000000000804352
:10CEA0000000803B0B68C3F1FF0341F8043B0EF127
:10CEB000010E7745F6DC01239E4600280BDD012894
:10CEC00000F0BB80022806D1791E5BF8213003F008
:10CED0003F0C4BF821C0022A7FF41BAFB7EE000ACB
:10CEE000734630EE488A002B3FF413AF099201904D
:10CEF00000F098F90198099A38EE408A09E70EF196
:10CF0000010E7745BDDC9E46D7E77B1E5BF82320EC
:10CF1000D211002A7FF7FDAE19EE903A002F03F1EF
:10CF2000010309EE903AA9DC022A7FF4F2AEF7EE93
:10CF3000007A37EEC88AECE619460EE73B46924681
:10CF4000DDE905125C1EA1F108005BF82410009FCA
:10CF5000059061B903F18043013B0BEB830301466C
:10CF600053F8040D013C08390028F9D005910598C3
:10CF70000092B7EE000A00F055F9002C009AB0EECE
:10CF8000407AC0F22281601C46AD5FED3B6A8100B1
:10CF90000BEB800305EB800073ED017AF8EEE77A86
:10CFA0005B4567EE877A27EE267A60ED017AF3D14A
:10CFB0000DF1C8080E1F2E44C646A4460025002FBA
:10CFC0007DDBDFF85C92DFED957A3046002307E0E9
:10CFD000F9EC016AB0EC017A9F42E6EE877A03DB56
:10CFE000AB4203F10103F3DD0CF1FF3CBCF1FF3F69
:10CFF000EEEC017A05F10105A6F10406E1D1689B8A
:10D00000022B6ADC002B36DC0ED1DFED847A414442
:10D0100031ED017A414577EE877AF9D15346002BFD
:10D0200040F0C680C2ED007A19EE903A03F0070096
:10D030005BB0BDEC048BBDE8F08F791E5BF821304E
:10D0400003F07F0C4BF821C045E719EE903A002F12
:10D0500003F1010309EE903AC8BF02223FF70EAF79
:10D06000F7EE007A37EEC88A022252E600234FF02C
:10D07000080E0293AEE5DDED327A9FED687A414409
:10D0800071ED016A414537EE267AF9D15346002BFE
:10D0900040F0848077EEC77A82ED007A64B133A9DC
:10D0A0000123B1EC017A01339C4277EE877AF8DAFA
:10D0B00053460BB1F1EE677AC2ED017AB4E70CF199
:10D0C000FF3C0023BCF1FF3F4EF8043B05F1010596
:10D0D000A6F104067FF473AF91E7689B032BA3D1FD
:10D0E000002C00F08C8008EB840595ED007AA00000
:10D0F0002B46294671ED017AF0EE476A37EE277A22
:10D10000414577EEC77A81ED007A77EEA67AC1EDD8
:10D11000017AEFD1012C72D095ED007A08F104016B
:10D1200073ED017AF0EE476A37EE277A994277EE8F
:10D13000C77A83ED007A77EEA67AC3ED017AEFD154
:10D14000031DDFED367A434408F1080833ED017A18
:10D15000984577EE877AF9D15346DDED326A9DED39
:10D16000337A73B9C2ED006A82ED017AC2ED027AB8
:10D170005AE7FDEEC07A1C4617EE901A4BF82310C2
:10D18000F5E6F1EE666AB1EE477AF1EE677AC2ED46
:10D19000006A82ED017AC2ED027A45E7F1EE476A54
:10D1A00077EEC77AC2ED006A002C7FF478AF81E792
:10D1B000F1EE677A36E7012815D002287FF4B4AE85
:10D1C0000EF03F034BF82130AEE6689B022B12DCD9
:10D1D000002B17DC7FF428AFDFED107A1EE7039BEE
:10D1E0004FEA830830E50EF07F03022A4BF8213026
:10D1F0007FF48FAD9BE6689B032B7FF415AFDFEDCB
:10D20000077AA9E75346DDED327A1BB14FF00043B0
:10D2100013604FE7002313604EE700BF00000000DB
:10D2200038E5000810EE103A33F000411A4625D0D8
:10D23000B1F1FF4F1FD213F0FF4F20D1DFED297A5C
:10D24000294A60EE277A904217EE903A31DB4CF291
:10D25000503CC3F3C75160451A46A1F1190114DDD2
:10D26000002BDFED227A9FED210AB8BFDFED207A97
:10D2700027EE800A704730EE000A704770474CF284
:10D28000503C60454FEAD151EADC0144FE29E7DC1D
:10D29000002915DC11F1160F19DB193122F0FF42BC
:10D2A00042EAC15207EE902A9FED120A27EE800A49
:10D2B0007047DFED117A07EE103A27EE270A704724
:10D2C00022F0FF4242EAC15300EE103A7047002BB1
:10D2D000DFED097A9FED080AB8BFDFED087A27EE87
:10D2E000800A70470000004CB03CFFFFCAF2497151
:10D2F000CAF249F1000000336042A20D6042A28DE3
:10D3000010EE102AC2F3C7537F3B162B22F00041C8
:10D310001BDC002B10461EDB1A4919410A4223D0A0
:10D32000DFED197A70EE277AF5EEC07AF1EE10FA99
:10D330001ADD002A04DA4FF4000242FA03F318441B
:10D3400020EA010300EE103A7047B1F1FF4F0BD312
:10D3500030EE000A7047DFED0C7A70EE277AF5EEBA
:10D36000C07AF1EE10FA00DC7047002A02DB9FED74
:10D37000070A704711B99FED060A7047BFEE000A11
:10D38000F2E700BFFFFF7F00CAF249710000000012
:10D3900000000080F8B500BFF8BC08BC9E4670478E
:0CD3A000F8B500BFF8BC08BC9E46704702
:10D3B00000FE98006B55617274436F6D6D616E6411
:10D3C0005461736B00436861737369735461736B69
:10D3D0000064656661756C745461736B002D00495F
:10D3E0004E56414C4944002573256C752E2530322C
:10D3F0006C75002573256C7500524F544154494E8D
:10D40000470052554E4E494E47004552524F52002A
:10D4100049444C45004F4E4C494E45004F46464C02
:10D42000494E45002C004F4B2042414C4C0D0A0008
:10D430004F4B20525A0D0A00455252204C494E453E
:10D440005F544F4F5F4C4F4E470D0A002009005369
:10D45000544F500045525220464F524D41540D0AF0
:10D46000004F4B2053544F500D0A00535441545514
:10D47000530053544154453D25730D0A494D553DC4
:10D4800025730D0A5941573D25730D0A48454144FE
:10D490005F5441524745543D25730D0A4845414468
:10D4A0005F4552523D25730D0A484541445F434F45
:10D4B00052523D25730D0A444953543D25730D0ABC
:10D4C0005441524745543D25730D0A4C4153543D38
:10D4D00025750D0A42414C4C5F53544154453D253E
:10D4E000730D0A42414C4C5F524F554E443D2575D9
:10D4F0000D0A504154485F53544154453D25730D26
:10D500000A504154485F535445503D25750D0A500B
:10D510004154485F4C4153543D25730D0A504154CA
:10D52000485F42414C4C5F4C4153543D25730D0ABA
:10D5300057415245484F5553455F53544154453D1B
:10D5400025730D0A57415245484F5553455F424197
:10D550004C4C3D25750D0A53544F503D25750D0A11
:10D5600053544F505045443D25750D0A535441497D
:10D57000525F53544154453D25730D0A535441495C
:10D58000525F4C4153543D25730D0A5455524E542D
:10D5900041424C455F53544154453D25730D0A5457
:10D5A00055524E5441424C455F4C4153543D2573B6
:10D5B0000D0A0052464944204D4F44453D415554C3
:10D5C0004F2052583D256C75204241443D256C75D5
:10D5D00020425954453D25303258205549443D2577
:10D5E00030386C582050454E44494E473D257520F3
:10D5F00041524D45443D2575204552524F523D25DF
:10D600006C75204652414D45533D256C7520524561
:10D61000414445523D257520544147533D256C7585
:10D620000D0A42414C4C5F4C4153543D25732043FD
:10D630004F554E543D2575204944533D00257325D3
:10D6400030386C580048454C500046203C6D6D3ECB
:10D650000D0A42203C6D6D3E0D0A4C203C6D6D3E26
:10D660000D0A52203C6D6D3E0D0A4C46203C6D6DFE
:10D670003E203C6465673E0D0A5246203C6D6D3E7F
:10D68000203C6465673E0D0A4C52203C6D6D3E2087
:10D690003C6465673E0D0A5252203C6D6D3E203C55
:10D6A0006465673E0D0A524F5420434357203C6443
:10D6B00065673E0D0A524F54204357203C6465670E
:10D6C0003E0D0A475241420D0A42414C4C0D0A524E
:10D6D0005A0D0A53544149520D0A504154480D0AFB
:10D6E00043414E474B550D0A53544F500D0A535466
:10D6F000415455530D0A524649440D0A48454C5071
:10D700000D0A41524D3A2047303D73746172742CBA
:10D710002047313D72657475726E2C2047323D632F
:10D720006C616D703B20475241423D47322D3E7443
:10D7300075726E2D3E47312C2042414C4C3D6D613F
:10D74000782035204944730D0A0047524142004574
:10D7500052522051554555455F46554C4C0D0A00D7
:10D760004F4B20475241420D0A0053544149520049
:10D770004F4B2053544149520D0A0042414C4C003A
:10D78000525A0050415448004F4B20504154480DCC
:10D790000A0043414E474B55004F4B2043414E47F3
:10D7A0004B550D0A00524F54004343570045525207
:10D7B00020414E474C450D0A004F4B20524F540D0F
:10D7C0000A004C46005246004C52005252004F4B49
:10D7D0000D0A00554E4B4E4F574E004F4B004341E4
:10D7E0004E43454C4544004D4149585F55415254C4
:10D7F000004D4149585F54494D454F5554005345DC
:10D8000052564F005455524E5441424C45004752D7
:10D8100041595F414C49474E00524649445F544983
:10D820004D454F555400414C49474E494E470057CE
:10D830004149545F4D41495800574149545F524650
:10D8400049440052455455524E00434F4D504C45AB
:10D850005445004D4F54494F4E00524F544154458A
:10D860000052494748545F353530004241434B33FD
:10D87000383530004C4546545F3131303000463148
:10D88000333630004C4632305F313830300046326B
:10D8900033303000524F54415445315F31373800F6
:10D8A000524F54415445325F313738004241434B67
:10D8B000313832300047524F555030004633333004
:10D8C000004C4546545F3230303000444F4E4500E6
:10D8D000494D55004D4F544F520050415254315F05
:10D8E00047350050415254315F434845434B310066
:10D8F00050415254315F4D4F5645393000504152DE
:10D9000054315F47360050415254315F5455524EA6
:10D910000050415254315F434845434B320050411F
:10D920005254315F47370050415254315F4D4F568A
:10D93000453131370050415254315F47300050413A
:10D940005254325F47380050415254325F503100D8
:10D9500050415254325F4D4F56455F544F5F5032E5
:10D960000050415254325F50320050415254325FA5
:10D970004D4F56455F544F5F503300504152543223
:10D980005F50330050415254325F4D4F56455F5403
:10D990004F5F50340050415254325F503400504178
:10D9A0005254325F47390050415254325F545552FD
:10D9B0004E0050415254325F473130005041525472
:10D9C000325F4D4F56453131370050415254325F2E
:10D9D00047370050415254335F4731310050415274
:10D9E00054335F434845434B310050415254335FF9
:10D9F0004D4F564539300050415254335F434845EE
:10DA0000434B320050415254335F47313200504152
:10DA10005254335F5455524E0050415254335F4775
:10DA200031300050415254335F4D4F5645313137FC
:10DA300000415247554D454E5400554E494E4954AC
:10DA400049414C495A4544005245414459004D4FC3
:10DA500056494E470046494E495348454400494EB1
:10DA6000495400574149545F41524D5F4732005776
:10DA70004149545F4E4558540005F3AB01016B001A
:10DA800005FE98016B00546D725100546D72205365
:10DA90007663002E006E6600696E69747900616EAF
:10DAA000005245454E54206D616C6C6F6320737558
:10DAB00063636565646564002F646174612F6A65E2
:10DAC0006E6B696E732F776F726B73706163652F06
:10DAD000474E552D746F6F6C636861696E2F61726C
:10DAE0006D2D31342F7372632F6E65776C69622DE3
:10DAF00063796777696E2F6E65776C69622F6C69E1
:10DB000062632F737472696E672F737472746F6BB4
:10DB10002E63004300504F534958002C2066756E09
:10DB20006374696F6E3A2000617373657274696F14
:10DB30006E2022257322206661696C65643A206636
:10DB4000696C6520222573222C206C696E65202566
:10DB500064257325730A0042616C6C6F63207375D2
:10DB600063636565646564002F646174612F6A6531
:10DB70006E6B696E732F776F726B73706163652F55
:10DB8000474E552D746F6F6C636861696E2F6172BB
:10DB90006D2D31342F7372632F6E65776C69622D32
:10DBA00063796777696E2F6E65776C69622F6C6930
:10DBB00062632F7374646C69622F6764746F612D84
:10DBC0006765746865782E63002F646174612F6ADD
:10DBD000656E6B696E732F776F726B7370616365BF
:10DBE0002F474E552D746F6F6C636861696E2F619E
:10DBF000726D2D31342F7372632F6E65776C69628D
:10DC00002D63796777696E2F6E65776C69622F6C0B
:10DC10006962632F7374646C69622F6D70726563DF
:10DC20002E6300232D302B2000686C4C0065666746
:10DC30004546470030313233343536373839414282
:10DC40004344454600303132333435363738396154
:10DC50006263646566000000B5D300080000000040
:10DC6000000000000000000000000000000C0000A8
:10DC7000200000000000000000000000C5D30008E4
:10DC80000000000000000000000000000000000094
:10DC90000008000018000000000000000000000064
:10DCA000D1D30008000000000000000000000000C8
:10DCB0000000000000040000180000000000000048
:10DCC000000000000000000001020304000000004A
:10DCD0000000000001020304060708090404E5E649
:10DCE000E2E2E7E9DBD70008DED70008E7D7000863
:10DCF000F1D70008FED7000804D800080ED80008A5
:10DD000019D8000810D4000826D800082FD8000819
:10DD10004AD7000839D8000843D800084AD8000874
:10DD20001ED80008DED700080AD40008DBD7000898
:10DD3000DED7000853D800085AD800087BD700085F
:10DD400080D70008FED700086AD7000892D70008DD
:10DD500010D4000861D800086BD8000874D80008F7
:10DD60007ED8000884D800088ED8000894D800080F
:10DD70007BD70008A0D80008ACD8000880D70008DE
:10DD8000B5D80008BCD80008D3D700086AD7000867
:10DD9000C1D8000892D70008CBD80008DED7000809
:10DDA0000AD4000800000000260200000000B4C2EF
:10DDB0000000E64300000000000000000A0F000021
:10DDC000000034430000E6430000000001000000B2
:10DDD00000000000000032430000000000000000CE
:10DDE00001000000000000000000324300000000BD
:10DDF00000000000000000004C0400000000B442DD
:10DE00000000E64300000000000000005005000094
:10DE1000000000000000E64300000000DBD700081F
:10DE2000DED700080ED80008D0D80008D4D80008E3
:10DE3000FED7000804D80008E7D7000810D400086F
:10DE400026D80008DAD80008E3D80008F0D800087F
:10DE5000FDD8000806D9000811D900081ED900080D
:10DE600027D9000835D900083ED9000847D900084D
:10DE700050D9000861D900086AD900087BD9000888
:10DE800084D9000895D900089ED90008A7D90008B0
:10DE9000B2D90008BCD90008CAD90008D3D90008F3
:10DEA000DDD90008EAD90008F7D9000804DA00082B
:10DEB0000EDA000819DA000823DA0008CBD80008C7
:10DEC000DED700080AD40008010407030506000095
:10DED00001040703DBD7000831DA0008ECD700089B
:10DEE0001ED80008DED700083ADA000848DA000831
:10DEF0004EDA00080AD40008DED7000810D4000863
:10DF000063DA000804D800086FDA000855DA000860
:10DF10000AD40008DED7000834000000CEFBFFFF63
:10DF2000CB030000010000000000000035000000ED
:10DF3000CEFBFFFFCB03000001000000000000004B
:10DF4000BC89D897B2D29C3C33A7A8D523F64939CF
:10DF50003DA7F444FD0FA5329D978CCF08BA5B25F1
:10DF6000436FAC6428066811002020202020202068
:10DF70002020282828282820202020202020202079
:10DF80002020202020202020208810101010101089
:10DF900010101010101010101004040404040404D5
:10DFA000040404101010101010104141414141416F
:10DFB0000101010101010101010101010101010151
:10DFC0000101010110101010101042424242424261
:10DFD0000202020202020202020202020202020221
:10DFE00002020202101010102000000000000000C9
:10DFF0000000000000000000000000000000000021
:10E000000000000000000000000000000000000010
:10E010000000000000000000000000000000000000
:10E0200000000000000000000000000000000000F0
:10E0300000000000000000000000000000000000E0
:10E0400000000000000000000000000000000000D0
:10E0500000000000000000000000000000000000C0
:10E0600000000000000000000000000005000000AB
:10E07000190000007D0000000080E03779C34143B3
:10E08000176E05B5B5B89346F5F93FE9034F384D1E
:10E09000321D30F94877825A3CBF737FDD4F1575CA
:10E0A000000000000000F03F0000000000002440DD
:10E0B00000000000000059400000000000408F40B8
:10E0C000000000000088C34000000000006AF84023
:10E0D0000000000080842E4100000000D012634147
:10E0E0000000000084D797410000000065CDCD41BD
:10E0F000000000205FA00242000000E8764837429E
:10E10000000000A2941A6D42000040E59C30A2423B
:10E110000000901EC4BCD64200003426F56B0C43B0
:10E120000080E03779C3414300A0D8855734764357
:10E1300000C84E676DC1AB43003D9160E458E143B8
:10E14000408CB5781DAF154450EFE2D6E41A4B442D
:10E1500092D54D06CFF08044F64AE1C7022DB54472
:10E16000B49DD9794378EA4400000080DB0F494030
:10E17000DB0F49C0DB0F49BFE4CB1640E4CB16C030
:10E18000000FC93F000F494000CB9640000FC94027
:10E190000053FB4000CB164100ED2F41000F4941D9
:10E1A0000031624100537B41003A8A4100CB9641E5
:10E1B000005CA34100EDAF41007EBC41000FC941AE
:10E1C00000A0D5410031E24100C2EE410053FB41C5
:10E1D00000F20342003A0A420083104200CB16428A
:10E1E00000141D42005C234200A5294200ED2F428D
:10E1F00000363642007E3C4200C74242000F494290
:10E20000A2000000F9000000830000006E00000082
:10E210004E0000004400000015000000290000002E
:10E22000FC0000002700000057000000D1000000A3
:10E23000F500000034000000DD000000C000000018
:10E24000DB00000062000000950000009900000063
:10E250003C0000004300000090000000410000006E
:10E26000FE0000005100000063000000AB00000051
:10E27000DE000000BB000000C500000061000000DF
:10E28000B7000000240000006E0000003A0000000B
:10E29000420000004D000000D2000000E00000003D
:10E2A00006000000490000002E000000EA00000007
:10E2B00009000000D1000000920000001C000000D6
:10E2C000FE0000001D000000EB0000001C0000002C
:10E2D000B100000029000000A70000003E0000007F
:10E2E000E80000008200000035000000F50000009A
:10E2F0002E000000BB00000044000000840000006D
:10E30000E90000009C0000007000000026000000F2
:10E31000B40000005F0000007E000000410000002B
:10E320003900000091000000D60000003900000014
:10E33000830000005300000039000000F4000000DA
:10E340009C000000840000005F0000008B000000C3
:10E35000BD000000F9000000280000003B000000A4
:10E360001F000000F800000097000000FF00000000
:10E37000DE00000005000000980000000F00000013
:10E38000EF0000002F000000110000008B000000D3
:10E390005A0000000A0000006D0000001F0000008D
:10E3A0006D000000360000007E000000CF0000007D
:10E3B00027000000CB00000009000000B7000000AB
:10E3C0004F000000460000003F0000006600000013
:10E3D0009E0000005F000000EA0000002D00000029
:10E3E0007500000027000000BA000000C700000010
:10E3F000EB000000E5000000F10000007B000000E1
:10E400003D0000000700000039000000F700000098
:10E410008A0000005200000092000000EA000000A4
:10E420006B000000FB0000005F000000B100000076
:10E430001F0000008D0000005D00000008000000CB
:10E4400056000000030000003000000046000000FD
:10E45000FC0000007B0000006B000000AB0000002F
:10E46000F0000000CF000000BC0000002000000011
:10E470009A000000F4000000360000001D000000BB
:10E48000A9000000E300000091000000610000000E
:10E490005E000000E60000001B0000000800000015
:10E4A0006500000099000000850000005F0000008A
:10E4B00014000000A0000000680000004000000000
:10E4C0008D000000FF000000D80000008000000068
:10E4D0004D00000073000000270000003100000024
:10E4E00006000000060000001500000056000000B5
:10E4F000CA00000073000000A8000000C90000006E
:10E5000060000000E20000007B000000C00000008E
:10E510008C0000006B0000006937AC3168212233A9
:10E52000B40F14336821A2333863ED3EDA0F493F4C
:10E530005E987B3FDA0FC93F0000C93F0000F03909
:10E540000000DA370000A2330000842E0000502BB8
:10E550000000C2270000D0220000C41F0000C61B1C
:10E56000000044170400000007000000090000003C
:08E570008025FF7F010000007F
:04E57800F50C000896
:04E57C00CD0C0008BA
:10E580000024F4000102FF01030100000000803FAD
:10E590000100000010000000AAAAAAAA00000000C2
:10E5A00003000000E49B0020430000000000000086
:10E5B000000000000000000000000000000000005B
:10E5C0000000000000000000430000000000000008
:10E5D000000000000000000000000000000000003B
:10E5E00000000000000000004300000000000000E8
:10E5F000000000000000000000000000000000001B
:10E6000000000000000000004300000000000000C7
:10E6100000000000000000000000000000000000FA
:10E6200000000000000000004300000000000000A7
:10E6300000000000000000000000000000000000DA
:10E640000000000000000000430000000000000087
:10E6500000000000000000000000000000000000BA
:10E660000000000000000000430000000000000067
:10E67000000000000000000000000000000000009A
:10E680000000000000000000CDB4000821AB00082D
:10E690000000000068DF000893DA00084ED400088C
:10E6A0004ED400084ED400084ED400084ED40008C2
:10E6B0004ED400084ED400084ED400084ED40008B2
:10E6C000FFFFFFFFFFFFFFFFFFFFFFFFFFFF000058
:10E6D00001004153434949000000000000000000D0
:10E6E000000000000000000000000000000000002A
:10E6F00000004153434949000000000000000000B1
:10E700000000000000000000000000000000000009
:10E71000000000009801002000000000E49B0020A1
:10E720004C9C0020B49C0020000000000000000071
:10E7300000000000000000000000000000000000D9
:10E7400000000000000000000000000000000000C9
:10E7500000000000000000000000000000000000B9
:04E7600000000000B5
:0400000508000D19C9
:00000001FF
